"last_name, first_name",player_id,year,batting_avg,on_base_percent,slg_percent,on_base_plus_slg,isolated_power,babip,b_rbi,exit_velocity_avg
"Cabrera, Miguel",408234,2021,0.256,0.316,0.386,0.702,0.13,0.305,75,91.4
"Cruz Jr., Nelson",443558,2021,0.265,0.334,0.497,0.831,0.232,0.286,86,92.9
"Peralta, David",444482,2021,0.259,0.325,0.402,0.727,0.143,0.303,63,89.3
"Blackmon, Charlie",453568,2021,0.27,0.351,0.411,0.762,0.141,0.305,78,87.6
"McCutchen, Andrew",457705,2021,0.222,0.334,0.444,0.778,0.222,0.242,80,88.8
"Turner, Justin",457759,2021,0.278,0.361,0.471,0.832,0.193,0.292,87,90.9
"Votto, Joey",458015,2021,0.266,0.375,0.563,0.938,0.297,0.287,99,92.9
"Andrus, Elvis",462101,2021,0.243,0.294,0.32,0.614,0.077,0.283,37,87.8
"Santana, Carlos",467793,2021,0.214,0.319,0.342,0.661,0.128,0.227,69,89.9
"Lowrie, Jed",476704,2021,0.245,0.318,0.398,0.716,0.153,0.289,69,90.7
"Brantley Jr., Michael",488726,2021,0.311,0.362,0.437,0.799,0.126,0.337,47,89.5
"Gurriel Jr., Yuli",493329,2021,0.319,0.383,0.462,0.845,0.143,0.336,81,89.8
"Rojas, Miguel",500743,2021,0.265,0.322,0.392,0.714,0.127,0.295,48,86.2
"Escobar, Eduardo",500871,2021,0.253,0.314,0.472,0.786,0.219,0.279,90,87
"Pham, Tommy",502054,2021,0.229,0.34,0.383,0.723,0.154,0.28,49,90.8
"Martinez, J.D.",502110,2021,0.286,0.349,0.518,0.867,0.232,0.34,99,92.1
"Goldschmidt, Paul",502671,2021,0.294,0.365,0.514,0.879,0.22,0.331,99,92.6
"Altuve, Jose",514888,2021,0.278,0.35,0.489,0.839,0.211,0.28,83,87.7
"Hernández, César",514917,2021,0.232,0.308,0.386,0.694,0.154,0.266,62,87.4
"Segura, Jean",516416,2021,0.29,0.348,0.436,0.784,0.146,0.317,58,87.2
"Marte, Starling",516782,2021,0.31,0.383,0.458,0.841,0.148,0.372,55,87.6
"Donaldson, Josh",518626,2021,0.247,0.352,0.475,0.827,0.228,0.268,72,94.1
"Freeman, Freddie",518692,2021,0.3,0.393,0.503,0.896,0.203,0.321,83,91.4
"LeMahieu, DJ",518934,2021,0.268,0.349,0.362,0.711,0.094,0.301,57,90.6
"Rizzo, Anthony",519203,2021,0.248,0.344,0.44,0.784,0.192,0.258,61,90.1
"Stanton, Giancarlo",519317,2021,0.273,0.354,0.516,0.87,0.243,0.324,97,95.1
"Perez, Salvador",521692,2021,0.273,0.316,0.544,0.86,0.271,0.298,121,93
"García, Avisaíl",541645,2021,0.262,0.33,0.49,0.82,0.228,0.291,86,90.4
"Villar, Jonathan",542340,2021,0.249,0.322,0.416,0.738,0.167,0.313,42,88
"Aguilar, Jesús",542583,2021,0.261,0.329,0.459,0.788,0.198,0.279,93,89.6
"Crawford, Brandon",543063,2021,0.298,0.373,0.522,0.895,0.224,0.334,90,88.8
"Cron, C.J.",543068,2021,0.281,0.375,0.53,0.905,0.249,0.316,92,88.8
"Grossman, Robbie",543257,2021,0.239,0.357,0.415,0.772,0.176,0.286,67,87.8
"Harrison, Josh",543281,2021,0.279,0.341,0.4,0.741,0.121,0.313,60,87.2
"Hosmer, Eric",543333,2021,0.269,0.337,0.395,0.732,0.126,0.313,65,90.5
"Semien, Marcus",543760,2021,0.265,0.334,0.538,0.872,0.273,0.276,102,89.7
"Grichuk, Randal",545341,2021,0.241,0.281,0.423,0.704,0.182,0.266,81,89.8
"Harper, Bryce",547180,2021,0.309,0.429,0.615,1.044,0.306,0.359,84,92.5
"Abreu, José",547989,2021,0.261,0.351,0.481,0.832,0.22,0.293,117,92
"Suárez, Eugenio",553993,2021,0.198,0.286,0.428,0.714,0.23,0.224,79,89.1
"Schoop, Jonathan",570731,2021,0.278,0.32,0.435,0.755,0.157,0.317,84,88.1
"Arenado, Nolan",571448,2021,0.255,0.312,0.494,0.806,0.239,0.249,105,89
"Farmer, Kyle",571657,2021,0.263,0.316,0.416,0.732,0.153,0.296,63,87.2
"Haniger, Mitch",571745,2021,0.253,0.318,0.485,0.803,0.232,0.281,100,89.3
"Hernández, Enrique",571771,2021,0.25,0.337,0.449,0.786,0.199,0.278,60,90.8
"Muncy, Max",571970,2021,0.249,0.368,0.527,0.895,0.278,0.257,94,91.2
"Seager, Kyle",572122,2021,0.212,0.285,0.438,0.723,0.226,0.226,101,89
"Taylor, Michael A.",572191,2021,0.244,0.297,0.356,0.653,0.112,0.319,54,89.4
"Yastrzemski, Mike",573262,2021,0.224,0.311,0.457,0.768,0.233,0.254,71,89.5
"Iglesias, Jose",578428,2021,0.271,0.309,0.391,0.7,0.12,0.305,48,85.4
"Bryant, Kris",592178,2021,0.265,0.353,0.481,0.834,0.216,0.313,73,88.2
"Canha, Mark",592192,2021,0.231,0.358,0.387,0.745,0.156,0.274,61,87.3
"Castellanos, Nick",592206,2021,0.309,0.362,0.576,0.938,0.267,0.34,100,89.8
"Judge, Aaron",592450,2021,0.287,0.373,0.544,0.917,0.257,0.332,98,95.8
"Machado, Manny",592518,2021,0.278,0.347,0.489,0.836,0.211,0.29,106,93.1
"Realmuto, J.T.",592663,2021,0.263,0.343,0.439,0.782,0.176,0.325,73,89.6
"Renfroe, Hunter",592669,2021,0.259,0.315,0.501,0.816,0.242,0.284,96,90.1
"Merrifield, Whit",593160,2021,0.277,0.317,0.395,0.712,0.118,0.309,74,86.9
"Bogaerts, Xander",593428,2021,0.295,0.37,0.493,0.863,0.198,0.333,79,89.6
"Polanco, Jorge",593871,2021,0.269,0.323,0.503,0.826,0.234,0.282,98,89.4
"Sanó, Miguel",593934,2021,0.223,0.312,0.466,0.778,0.243,0.291,75,93.4
"Duvall, Adam",594807,2021,0.228,0.281,0.491,0.772,0.263,0.26,113,89.8
"Báez, Javier",595879,2021,0.265,0.319,0.494,0.813,0.229,0.352,87,90.1
"Lindor, Francisco",596019,2021,0.23,0.322,0.412,0.734,0.182,0.248,63,90.7
"Story, Trevor",596115,2021,0.251,0.329,0.471,0.8,0.22,0.293,75,90.6
"Candelario, Jeimer",600869,2021,0.271,0.351,0.443,0.794,0.172,0.333,67,88.7
"Bell, Josh",605137,2021,0.261,0.347,0.476,0.823,0.215,0.276,88,92.5
"Betts, Mookie",605141,2021,0.264,0.367,0.487,0.854,0.223,0.276,58,90.3
"Tapia, Raimel",606132,2021,0.273,0.327,0.372,0.699,0.099,0.306,50,85.7
"Hernández, Teoscar",606192,2021,0.296,0.346,0.524,0.87,0.228,0.352,116,91.8
"Turner, Trea",607208,2021,0.328,0.375,0.536,0.911,0.208,0.362,77,89.6
"Ramírez, José",608070,2021,0.266,0.355,0.538,0.893,0.272,0.256,103,90
"Gallo, Joey",608336,2021,0.199,0.351,0.458,0.809,0.259,0.246,77,91.5
"Swanson, Dansby",621020,2021,0.248,0.311,0.449,0.76,0.201,0.297,88,89.3
"Newman, Kevin",621028,2021,0.226,0.265,0.309,0.574,0.083,0.236,39,85.3
"Taylor, Chris",621035,2021,0.254,0.344,0.438,0.782,0.184,0.337,73,88.2
"Correa, Carlos",621043,2021,0.279,0.366,0.485,0.851,0.206,0.308,92,90.2
"Olson, Matt",621566,2021,0.271,0.371,0.54,0.911,0.269,0.269,111,91.6
"Alonso, Pete",624413,2021,0.262,0.344,0.519,0.863,0.257,0.274,94,91
"Frazier, Adam",624428,2021,0.305,0.368,0.411,0.779,0.106,0.339,43,85.4
"Soler, Jorge",624585,2021,0.223,0.316,0.432,0.748,0.209,0.25,70,91.2
"Cronenworth, Jake",630105,2021,0.266,0.34,0.46,0.8,0.194,0.283,71,88.6
"Meadows, Austin",640457,2021,0.234,0.315,0.458,0.773,0.224,0.249,106,89.3
"Anderson, Tim",641313,2021,0.309,0.338,0.469,0.807,0.16,0.372,61,89.6
"Crawford, J.P.",641487,2021,0.273,0.338,0.376,0.714,0.103,0.32,54,86.3
"Dozier, Hunter",641531,2021,0.216,0.285,0.394,0.679,0.178,0.276,54,89.9
"Mancini III, Trey",641820,2021,0.255,0.326,0.432,0.758,0.177,0.308,71,88.9
"McMahon, Ryan",641857,2021,0.254,0.331,0.449,0.78,0.195,0.306,86,90.5
"O'Neill, Tyler",641933,2021,0.286,0.352,0.56,0.912,0.274,0.366,80,93
"Rosario, Amed",642708,2021,0.282,0.321,0.409,0.73,0.127,0.34,57,88.8
"Adames, Willy",642715,2021,0.262,0.337,0.481,0.818,0.219,0.331,73,89.5
"Benintendi, Andrew",643217,2021,0.276,0.324,0.442,0.766,0.166,0.309,73,89.6
"Kiner-Falefa, Isiah",643396,2021,0.271,0.312,0.357,0.669,0.086,0.304,53,85.5
"Albies, Ozzie",645277,2021,0.259,0.31,0.488,0.798,0.229,0.278,106,89.6
"Devers, Rafael",646240,2021,0.279,0.352,0.538,0.89,0.259,0.307,113,92.9
"Urías, Luis",649966,2021,0.249,0.345,0.445,0.79,0.196,0.28,75,87.9
"Torres, Gleyber",650402,2021,0.259,0.331,0.366,0.697,0.107,0.314,51,87.1
"Díaz, Yandy",650490,2021,0.256,0.353,0.387,0.74,0.131,0.286,64,89.9
"Chapman, Matt",656305,2021,0.21,0.314,0.403,0.717,0.193,0.272,72,89.7
"Mullins II, Cedric",656775,2021,0.291,0.36,0.518,0.878,0.227,0.322,59,89.4
"Smith, Pavin",656976,2021,0.267,0.328,0.404,0.732,0.137,0.319,49,87.2
"Verdugo, Alex",657077,2021,0.289,0.351,0.426,0.777,0.137,0.327,63,90
"Moncada, Yoán",660162,2021,0.263,0.375,0.412,0.787,0.149,0.35,61,90.1
"Ohtani, Shohei",660271,2021,0.257,0.372,0.592,0.964,0.335,0.303,100,93.6
"Riley, Austin",663586,2021,0.303,0.367,0.531,0.898,0.228,0.368,107,90.1
"Mountcastle, Ryan",663624,2021,0.255,0.309,0.487,0.796,0.232,0.297,89,89.1
"Tucker, Kyle",663656,2021,0.294,0.359,0.557,0.916,0.263,0.304,92,91.4
"India, Jonathan",663697,2021,0.269,0.376,0.459,0.835,0.19,0.326,69,87.6
"Grisham, Trent",663757,2021,0.242,0.327,0.413,0.74,0.171,0.292,62,88.8
"Lowe, Nathaniel",663993,2021,0.264,0.357,0.415,0.772,0.151,0.339,72,90.8
"Happ, Ian",664023,2021,0.226,0.323,0.434,0.757,0.208,0.281,66,89.5
"France, Ty",664034,2021,0.291,0.368,0.445,0.813,0.154,0.327,73,88.5
"Lowe, Brandon",664040,2021,0.247,0.34,0.523,0.863,0.276,0.28,99,89.3
"Fletcher, David",664058,2021,0.262,0.297,0.324,0.621,0.062,0.287,47,82.3
"Straw, Myles",664702,2021,0.271,0.349,0.348,0.697,0.077,0.336,48,87.1
"Walsh, Jared",665120,2021,0.277,0.34,0.509,0.849,0.232,0.335,98,89.6
"Tatis Jr., Fernando",665487,2021,0.282,0.364,0.611,0.975,0.329,0.324,97,93.9
"Guerrero Jr., Vladimir",665489,2021,0.311,0.401,0.601,1.002,0.29,0.313,111,95.1
"Soto, Juan",665742,2021,0.313,0.465,0.534,0.999,0.221,0.332,95,93
"Chisholm Jr., Jazz",665862,2021,0.248,0.303,0.425,0.728,0.177,0.319,53,90.2
"Bichette, Bo",666182,2021,0.298,0.343,0.484,0.827,0.186,0.339,102,91.4
"Carlson, Dylan",666185,2021,0.266,0.343,0.437,0.78,0.171,0.332,65,88.2
"García, Adolis",666969,2021,0.243,0.286,0.454,0.74,0.211,0.306,90,91
"Gurriel Jr., Lourdes",666971,2021,0.276,0.319,0.466,0.785,0.19,0.305,84,89.7
"Arozarena, Randy",668227,2021,0.274,0.356,0.459,0.815,0.185,0.363,69,89.9
"Reynolds, Bryan",668804,2021,0.302,0.39,0.522,0.912,0.22,0.345,90,89.4
"Rojas, Josh",668942,2021,0.264,0.341,0.411,0.752,0.147,0.345,44,88.2
"Edman, Tommy",669242,2021,0.262,0.308,0.387,0.695,0.125,0.291,56,87.5
"Solak, Nick",669256,2021,0.242,0.314,0.362,0.676,0.12,0.292,49,86.9
"Hays, Austin",669720,2021,0.256,0.308,0.461,0.769,0.205,0.286,71,88.8
"Lopez, Nicky",670032,2021,0.3,0.365,0.378,0.743,0.078,0.347,43,86.8
"Alvarez, Yordan",670541,2021,0.277,0.346,0.531,0.877,0.254,0.32,104,93.2
"Cruz Jr., Nelson",443558,2022,0.234,0.313,0.337,0.65,0.103,0.295,64,90.9
"Blackmon, Charlie",453568,2022,0.264,0.314,0.419,0.733,0.155,0.304,78,86.2
"McCutchen, Andrew",457705,2022,0.237,0.316,0.384,0.7,0.147,0.278,69,89.1
"Turner, Justin",457759,2022,0.278,0.35,0.438,0.788,0.16,0.313,81,89.5
"Andrus, Elvis",462101,2022,0.249,0.303,0.404,0.707,0.155,0.272,58,87.9
"Santana, Carlos",467793,2022,0.202,0.316,0.376,0.692,0.174,0.209,60,90.7
"Gurriel Jr., Yuli",493329,2022,0.242,0.288,0.36,0.648,0.118,0.266,53,88.2
"Rojas, Miguel",500743,2022,0.236,0.283,0.323,0.606,0.087,0.258,36,86.1
"Escobar, Eduardo",500871,2022,0.24,0.295,0.43,0.725,0.19,0.281,69,88.3
"Pham, Tommy",502054,2022,0.236,0.312,0.374,0.686,0.138,0.304,63,92.2
"Martinez, J.D.",502110,2022,0.274,0.341,0.448,0.789,0.174,0.345,62,89.1
"Goldschmidt, Paul",502671,2022,0.317,0.404,0.578,0.982,0.261,0.368,115,90.8
"Altuve, Jose",514888,2022,0.3,0.387,0.533,0.92,0.233,0.315,57,85.9
"Hernández, César",514917,2022,0.248,0.311,0.318,0.629,0.07,0.309,34,84.8
"Marte, Starling",516782,2022,0.292,0.347,0.468,0.815,0.176,0.34,63,86.8
"Donaldson, Josh",518626,2022,0.222,0.308,0.374,0.682,0.152,0.283,62,90.7
"Freeman, Freddie",518692,2022,0.325,0.407,0.511,0.918,0.186,0.359,100,91.3
"LeMahieu, DJ",518934,2022,0.261,0.357,0.377,0.734,0.116,0.285,46,89.2
"Rizzo, Anthony",519203,2022,0.224,0.338,0.48,0.818,0.256,0.216,75,89.4
"Flores, Wilmer",527038,2022,0.229,0.316,0.394,0.71,0.165,0.246,71,87.8
"Ozuna, Marcell",542303,2022,0.226,0.274,0.413,0.687,0.187,0.252,56,89.4
"Aguilar, Jesús",542583,2022,0.235,0.281,0.379,0.66,0.144,0.278,51,87.7
"Cron, C.J.",543068,2022,0.257,0.315,0.468,0.783,0.211,0.307,102,88.7
"Semien, Marcus",543760,2022,0.248,0.304,0.429,0.733,0.181,0.263,83,87.3
"Springer III, George",543807,2022,0.267,0.342,0.472,0.814,0.205,0.285,76,88.7
"Grichuk, Randal",545341,2022,0.259,0.299,0.425,0.724,0.166,0.309,73,90
"Abreu, José",547989,2022,0.304,0.378,0.446,0.824,0.142,0.35,75,92.2
"Suárez, Eugenio",553993,2022,0.236,0.332,0.459,0.791,0.223,0.302,87,89.8
"Urshela, Gio",570482,2022,0.285,0.338,0.429,0.767,0.144,0.326,64,88.9
"Schoop, Jonathan",570731,2022,0.202,0.239,0.322,0.561,0.12,0.234,38,87
"Arenado, Nolan",571448,2022,0.293,0.358,0.533,0.891,0.24,0.29,103,88.8
"Farmer, Kyle",571657,2022,0.255,0.315,0.386,0.701,0.131,0.286,78,85.5
"Muncy, Max",571970,2022,0.196,0.329,0.384,0.713,0.188,0.227,69,90.3
"Pollock, AJ",572041,2022,0.245,0.292,0.389,0.681,0.144,0.278,56,88.8
"Voit III, Luke",572228,2022,0.226,0.308,0.402,0.71,0.176,0.298,69,89.8
"Walker, Christian",572233,2022,0.242,0.327,0.477,0.804,0.235,0.248,94,90
"Yastrzemski, Mike",573262,2022,0.214,0.305,0.392,0.697,0.178,0.261,57,89.9
"Canha, Mark",592192,2022,0.266,0.367,0.403,0.77,0.137,0.309,61,87.7
"Castellanos, Nick",592206,2022,0.263,0.305,0.389,0.694,0.126,0.326,62,87.5
"Drury, Brandon",592273,2022,0.263,0.32,0.492,0.812,0.229,0.293,87,89.1
"Judge, Aaron",592450,2022,0.311,0.425,0.686,1.111,0.375,0.34,131,95.9
"Machado, Manny",592518,2022,0.298,0.366,0.531,0.897,0.233,0.337,102,91.5
"Realmuto, J.T.",592663,2022,0.276,0.342,0.478,0.82,0.202,0.318,84,90.3
"Renfroe, Hunter",592669,2022,0.255,0.315,0.492,0.807,0.237,0.281,72,90.5
"Yelich, Christian",592885,2022,0.252,0.355,0.383,0.738,0.131,0.327,57,91.5
"Merrifield, Whit",593160,2022,0.25,0.298,0.375,0.673,0.125,0.276,58,87.1
"Bogaerts, Xander",593428,2022,0.307,0.377,0.456,0.833,0.149,0.362,73,88.1
"Profar, Jurickson",595777,2022,0.243,0.331,0.391,0.722,0.148,0.272,58,87.5
"Báez, Javier",595879,2022,0.238,0.278,0.393,0.671,0.155,0.292,67,87.9
"Lindor, Francisco",596019,2022,0.27,0.339,0.449,0.788,0.179,0.301,107,89.3
"Bell, Josh",605137,2022,0.266,0.362,0.422,0.784,0.156,0.296,71,88.9
"Betts, Mookie",605141,2022,0.269,0.34,0.533,0.873,0.264,0.272,82,90.5
"Hernández, Teoscar",606192,2022,0.267,0.316,0.491,0.807,0.224,0.335,77,92.6
"Marte, Ketel",606466,2022,0.24,0.321,0.407,0.728,0.167,0.276,52,90.1
"Nimmo, Brandon",607043,2022,0.274,0.367,0.433,0.8,0.159,0.317,64,89.4
"Turner, Trea",607208,2022,0.298,0.343,0.466,0.809,0.168,0.342,100,88.9
"Ramírez, José",608070,2022,0.28,0.355,0.514,0.869,0.234,0.279,126,87.7
"Bregman, Alex",608324,2022,0.259,0.366,0.454,0.82,0.195,0.26,93,88.9
"Seager, Corey",608369,2022,0.245,0.317,0.455,0.772,0.21,0.242,83,91.1
"Winker, Jesse",608385,2022,0.219,0.344,0.344,0.688,0.125,0.251,53,87.7
"Swanson, Dansby",621020,2022,0.277,0.329,0.447,0.776,0.17,0.348,96,90.2
"Correa, Carlos",621043,2022,0.291,0.366,0.467,0.833,0.176,0.339,64,89.9
"Ward, Taylor",621493,2022,0.281,0.36,0.473,0.833,0.192,0.325,65,90
"Wisdom, Patrick",621550,2022,0.207,0.298,0.426,0.724,0.219,0.274,66,90.7
"Olson, Matt",621566,2022,0.24,0.325,0.477,0.802,0.237,0.274,103,92.9
"Mateo, Jorge",622761,2022,0.221,0.267,0.379,0.646,0.158,0.286,50,86.8
"Santander, Anthony",623993,2022,0.24,0.318,0.455,0.773,0.215,0.248,89,90.1
"Alonso, Pete",624413,2022,0.271,0.352,0.518,0.87,0.247,0.279,131,89.8
"Frazier, Adam",624428,2022,0.238,0.301,0.311,0.612,0.073,0.268,42,85.1
"Cronenworth, Jake",630105,2022,0.239,0.332,0.39,0.722,0.151,0.275,88,87.6
"Bellinger, Cody",641355,2022,0.21,0.265,0.389,0.654,0.179,0.255,68,89.4
"Crawford, J.P.",641487,2022,0.243,0.339,0.336,0.675,0.093,0.275,42,85.1
"Mancini III, Trey",641820,2022,0.239,0.319,0.391,0.71,0.152,0.286,63,89.5
"McMahon, Ryan",641857,2022,0.246,0.327,0.414,0.741,0.168,0.311,67,91.7
"Tellez, Rowdy",642133,2022,0.219,0.306,0.461,0.767,0.242,0.215,89,91.1
"Rosario, Amed",642708,2022,0.283,0.312,0.403,0.715,0.12,0.326,71,88.4
"Adames, Willy",642715,2022,0.238,0.298,0.458,0.756,0.22,0.278,98,88.9
"Estrada, Thairo",642731,2022,0.26,0.322,0.4,0.722,0.14,0.29,62,86.2
"Benintendi, Andrew",643217,2022,0.304,0.373,0.399,0.772,0.095,0.352,51,89.2
"Kemp, Tony",643393,2022,0.235,0.307,0.334,0.641,0.099,0.259,46,84.4
"Kiner-Falefa, Isiah",643396,2022,0.261,0.314,0.327,0.641,0.066,0.296,48,86.2
"McNeil, Jeff",643446,2022,0.326,0.382,0.454,0.836,0.128,0.353,62,86.9
"Devers, Rafael",646240,2022,0.295,0.358,0.521,0.879,0.226,0.329,88,93.1
"Arraez, Luis",650333,2022,0.316,0.375,0.42,0.795,0.104,0.331,49,88.9
"Torres, Gleyber",650402,2022,0.257,0.31,0.451,0.761,0.194,0.295,76,90.4
"Díaz, Yandy",650490,2022,0.296,0.401,0.423,0.824,0.127,0.323,57,92.2
"Rengifo, Luis",650859,2022,0.264,0.294,0.429,0.723,0.165,0.285,52,86.9
"Chapman, Matt",656305,2022,0.229,0.324,0.433,0.757,0.204,0.277,76,92.2
"Hoskins, Rhys",656555,2022,0.246,0.332,0.462,0.794,0.216,0.292,79,90.1
"Mullins II, Cedric",656775,2022,0.258,0.318,0.403,0.721,0.145,0.299,64,88.8
"Schwarber, Kyle",656941,2022,0.218,0.323,0.504,0.827,0.286,0.24,94,93.3
"Thomas, Lane",657041,2022,0.241,0.301,0.404,0.705,0.163,0.291,52,86.4
"Verdugo, Alex",657077,2022,0.28,0.328,0.405,0.733,0.125,0.309,74,89.1
"Ohtani, Shohei",660271,2022,0.273,0.356,0.519,0.875,0.246,0.32,95,92.9
"Acuña Jr., Ronald",660670,2022,0.266,0.351,0.413,0.764,0.147,0.331,50,91.2
"Varsho, Daulton",662139,2022,0.235,0.302,0.443,0.745,0.208,0.269,74,87.7
"Hoerner, Nico",663538,2022,0.281,0.327,0.41,0.737,0.129,0.3,55,87.2
"Riley, Austin",663586,2022,0.273,0.349,0.528,0.877,0.255,0.315,93,92.5
"Mountcastle, Ryan",663624,2022,0.25,0.305,0.423,0.728,0.173,0.303,85,91.3
"Hayes, Ke'Bryan",663647,2022,0.244,0.314,0.345,0.659,0.101,0.307,41,91
"Tucker, Kyle",663656,2022,0.257,0.33,0.478,0.808,0.221,0.261,107,90
"Grisham, Trent",663757,2022,0.184,0.284,0.341,0.625,0.157,0.231,53,88.3
"Rodgers, Brendan",663898,2022,0.266,0.325,0.408,0.733,0.142,0.304,63,90
"Lowe, Nathaniel",663993,2022,0.302,0.358,0.492,0.85,0.19,0.363,76,90.2
"Happ, Ian",664023,2022,0.271,0.342,0.44,0.782,0.169,0.336,72,89.7
"France, Ty",664034,2022,0.274,0.338,0.436,0.774,0.162,0.296,83,87.6
"Straw, Myles",664702,2022,0.221,0.291,0.273,0.564,0.052,0.261,32,87
"Bohm, Alec",664761,2022,0.28,0.315,0.398,0.713,0.118,0.319,72,90.2
"Brown, Seth",664913,2022,0.23,0.305,0.444,0.749,0.214,0.273,73,89.2
"Peña, Jeremy",665161,2022,0.253,0.289,0.426,0.715,0.173,0.298,63,88.1
"Guerrero Jr., Vladimir",665489,2022,0.274,0.339,0.48,0.819,0.206,0.289,97,92.8
"Soto, Juan",665742,2022,0.242,0.401,0.452,0.853,0.21,0.249,62,91
"Giménez, Andrés",665926,2022,0.297,0.371,0.466,0.837,0.169,0.353,69,87.8
"Bichette, Bo",666182,2022,0.29,0.333,0.469,0.802,0.179,0.347,93,91.9
"García, Adolis",666969,2022,0.25,0.3,0.456,0.756,0.206,0.309,101,92.1
"Arozarena, Randy",668227,2022,0.263,0.327,0.445,0.772,0.182,0.325,89,89.9
"Reynolds, Bryan",668804,2022,0.262,0.345,0.461,0.806,0.199,0.306,62,90.2
"Rojas, Josh",668942,2022,0.269,0.349,0.391,0.74,0.122,0.323,56,88.8
"Melendez Jr., MJ",669004,2022,0.217,0.313,0.393,0.706,0.176,0.258,62,90.7
"Murphy, Sean",669221,2022,0.25,0.332,0.426,0.758,0.176,0.29,66,88.7
"Edman, Tommy",669242,2022,0.265,0.324,0.4,0.724,0.135,0.308,57,88.6
"Smith, Will",669257,2022,0.26,0.343,0.465,0.808,0.205,0.276,87,89.9
"Hays, Austin",669720,2022,0.25,0.306,0.413,0.719,0.163,0.289,60,87.7
"Alvarez, Yordan",670541,2022,0.306,0.406,0.613,1.019,0.307,0.32,97,95.2
"Kirk, Alejandro",672386,2022,0.285,0.372,0.415,0.787,0.13,0.299,63,90.5
"Kim, Ha-Seong",673490,2022,0.251,0.325,0.383,0.708,0.132,0.29,59,86.7
"Rodríguez, Julio",677594,2022,0.284,0.345,0.509,0.854,0.225,0.345,75,92
"Witt Jr., Bobby",677951,2022,0.254,0.294,0.428,0.722,0.174,0.295,80,89.7
"Kwan, Steven",680757,2022,0.298,0.373,0.4,0.773,0.102,0.323,52,85.1
"Vaughn, Andrew",683734,2022,0.271,0.321,0.429,0.75,0.158,0.301,76,90.8
"Turner, Justin",457759,2023,0.276,0.345,0.455,0.8,0.179,0.304,96,89.5
"Santana, Carlos",467793,2023,0.24,0.318,0.429,0.747,0.189,0.255,86,88.8
"Goldschmidt, Paul",502671,2023,0.268,0.363,0.447,0.81,0.179,0.327,80,91.3
"Freeman, Freddie",518692,2023,0.331,0.41,0.567,0.977,0.236,0.37,102,90
"LeMahieu, DJ",518934,2023,0.243,0.327,0.39,0.717,0.147,0.295,44,89.6
"Perez, Salvador",521692,2023,0.255,0.292,0.422,0.714,0.167,0.294,80,90.1
"Ozuna, Marcell",542303,2023,0.274,0.346,0.558,0.904,0.284,0.293,100,91.8
"Semien, Marcus",543760,2023,0.276,0.348,0.478,0.826,0.202,0.291,100,88.4
"Springer III, George",543807,2023,0.258,0.327,0.405,0.732,0.147,0.291,72,88.3
"Harper, Bryce",547180,2023,0.293,0.401,0.499,0.9,0.206,0.352,72,91.8
"Abreu, José",547989,2023,0.237,0.296,0.383,0.679,0.146,0.276,90,89
"Díaz, Elias",553869,2023,0.267,0.316,0.409,0.725,0.142,0.324,72,88.1
"Suárez, Eugenio",553993,2023,0.232,0.323,0.391,0.714,0.159,0.314,96,90.3
"Arenado, Nolan",571448,2023,0.266,0.315,0.459,0.774,0.193,0.279,93,88.8
"Hernández, Enrique",571771,2023,0.237,0.289,0.357,0.646,0.12,0.273,61,87.8
"Muncy, Max",571970,2023,0.212,0.333,0.475,0.808,0.263,0.221,105,91.2
"Walker, Christian",572233,2023,0.258,0.333,0.497,0.83,0.239,0.272,103,88
"Canha, Mark",592192,2023,0.262,0.355,0.4,0.755,0.138,0.293,62,87.9
"Castellanos, Nick",592206,2023,0.272,0.311,0.476,0.787,0.204,0.337,106,88.9
"Drury, Brandon",592273,2023,0.262,0.306,0.497,0.803,0.235,0.308,83,89.9
"Machado, Manny",592518,2023,0.258,0.319,0.462,0.781,0.204,0.268,91,91
"Realmuto, J.T.",592663,2023,0.252,0.31,0.452,0.762,0.2,0.307,63,89.8
"Renfroe, Hunter",592669,2023,0.233,0.297,0.416,0.713,0.183,0.27,60,88.3
"Rosario, Eddie",592696,2023,0.255,0.305,0.45,0.755,0.195,0.3,74,88.6
"Yelich, Christian",592885,2023,0.278,0.37,0.447,0.817,0.169,0.342,76,91.7
"Merrifield, Whit",593160,2023,0.272,0.318,0.382,0.7,0.11,0.313,67,85.1
"Bogaerts, Xander",593428,2023,0.285,0.35,0.44,0.79,0.155,0.319,58,87.6
"Profar, Jurickson",595777,2023,0.242,0.321,0.368,0.689,0.126,0.279,46,86.5
"Báez, Javier",595879,2023,0.222,0.267,0.325,0.592,0.103,0.274,59,88
"Lindor, Francisco",596019,2023,0.254,0.336,0.47,0.806,0.216,0.277,98,91.2
"Candelario, Jeimer",600869,2023,0.251,0.336,0.471,0.807,0.22,0.292,70,88.3
"Bell, Josh",605137,2023,0.247,0.325,0.419,0.744,0.172,0.287,74,90.1
"Betts, Mookie",605141,2023,0.307,0.408,0.579,0.987,0.272,0.316,107,92.4
"Davis, J.D.",605204,2023,0.248,0.325,0.412,0.737,0.164,0.32,69,91.1
"Arcia, Orlando",606115,2023,0.264,0.321,0.42,0.741,0.156,0.301,65,88.2
"Hernández, Teoscar",606192,2023,0.258,0.305,0.435,0.74,0.177,0.342,93,91.3
"Marte, Ketel",606466,2023,0.276,0.358,0.485,0.843,0.209,0.3,82,91.1
"Nimmo, Brandon",607043,2023,0.274,0.363,0.466,0.829,0.192,0.324,68,91.8
"Turner, Trea",607208,2023,0.266,0.32,0.459,0.779,0.193,0.31,76,89.9
"Ramírez, José",608070,2023,0.282,0.356,0.475,0.831,0.193,0.285,80,90
"Bregman, Alex",608324,2023,0.262,0.363,0.441,0.804,0.179,0.27,98,88.6
"Seager, Corey",608369,2023,0.327,0.39,0.623,1.013,0.296,0.34,96,93.3
"Meneses, Joey",608841,2023,0.275,0.321,0.401,0.722,0.126,0.329,89,89.4
"Swanson, Dansby",621020,2023,0.244,0.328,0.416,0.744,0.172,0.297,80,89.3
"Correa, Carlos",621043,2023,0.23,0.312,0.399,0.711,0.169,0.272,65,90.4
"Olson, Matt",621566,2023,0.283,0.389,0.604,0.993,0.321,0.302,139,93.7
"Santander, Anthony",623993,2023,0.257,0.325,0.472,0.797,0.215,0.299,95,90.6
"Alonso, Pete",624413,2023,0.217,0.318,0.504,0.822,0.287,0.205,118,89.5
"Soler, Jorge",624585,2023,0.25,0.341,0.512,0.853,0.262,0.272,75,91.3
"Cronenworth, Jake",630105,2023,0.229,0.312,0.378,0.69,0.149,0.267,48,87.4
"Anderson, Tim",641313,2023,0.245,0.286,0.296,0.582,0.051,0.323,25,87.8
"Bellinger, Cody",641355,2023,0.307,0.356,0.525,0.881,0.218,0.319,97,87.9
"Crawford, J.P.",641487,2023,0.266,0.38,0.438,0.818,0.172,0.314,65,88.3
"McMahon, Ryan",641857,2023,0.24,0.322,0.431,0.753,0.191,0.326,70,90.8
"Smith, Dominic",642086,2023,0.254,0.326,0.366,0.692,0.112,0.286,46,86.3
"Rosario, Amed",642708,2023,0.263,0.305,0.378,0.683,0.115,0.314,58,88.3
"Adames, Willy",642715,2023,0.217,0.31,0.407,0.717,0.19,0.259,80,87.4
"Estrada, Thairo",642731,2023,0.271,0.315,0.416,0.731,0.145,0.331,49,85.9
"Benintendi, Andrew",643217,2023,0.262,0.326,0.356,0.682,0.094,0.301,45,86.6
"McNeil, Jeff",643446,2023,0.27,0.333,0.378,0.711,0.108,0.288,55,86
"Albies, Ozzie",645277,2023,0.28,0.336,0.513,0.849,0.233,0.289,109,88.7
"Devers, Rafael",646240,2023,0.271,0.351,0.5,0.851,0.229,0.292,100,93.1
"Arraez, Luis",650333,2023,0.354,0.393,0.469,0.862,0.115,0.362,69,88.3
"Torres, Gleyber",650402,2023,0.273,0.347,0.453,0.8,0.18,0.288,68,89.7
"Díaz, Yandy",650490,2023,0.33,0.41,0.522,0.932,0.192,0.367,78,93.4
"De La Cruz, Bryan",650559,2023,0.257,0.304,0.411,0.715,0.154,0.307,78,89.9
"Chapman, Matt",656305,2023,0.24,0.33,0.424,0.754,0.184,0.319,54,93.4
"McKinstry, Zach",656716,2023,0.231,0.302,0.351,0.653,0.12,0.284,35,87.2
"Schwarber, Kyle",656941,2023,0.197,0.343,0.474,0.817,0.277,0.209,104,92.4
"Thomas, Lane",657041,2023,0.268,0.315,0.468,0.783,0.2,0.325,86,88.5
"Verdugo, Alex",657077,2023,0.264,0.324,0.421,0.745,0.157,0.294,54,89.2
"Ohtani, Shohei",660271,2023,0.304,0.412,0.654,1.066,0.35,0.342,95,94.4
"Acuña Jr., Ronald",660670,2023,0.337,0.416,0.596,1.012,0.259,0.338,106,94.7
"Ruiz, Keibert",660688,2023,0.26,0.308,0.409,0.717,0.149,0.263,67,87.4
"Contreras, William",661388,2023,0.289,0.367,0.457,0.824,0.168,0.348,78,91.3
"Varsho, Daulton",662139,2023,0.22,0.285,0.389,0.674,0.169,0.256,61,87.8
"Nootbaar, Lars",663457,2023,0.261,0.367,0.418,0.785,0.157,0.307,46,89.1
"Hoerner, Nico",663538,2023,0.283,0.346,0.383,0.729,0.1,0.312,68,86.6
"Riley, Austin",663586,2023,0.281,0.345,0.516,0.861,0.235,0.324,97,92.3
"Hayes, Ke'Bryan",663647,2023,0.271,0.309,0.453,0.762,0.182,0.315,61,92.2
"Tucker, Kyle",663656,2023,0.284,0.369,0.517,0.886,0.233,0.289,112,90.2
"India, Jonathan",663697,2023,0.244,0.338,0.407,0.745,0.163,0.281,61,89.5
"Raleigh, Cal",663728,2023,0.232,0.306,0.456,0.762,0.224,0.273,75,89.5
"Grisham, Trent",663757,2023,0.198,0.315,0.352,0.667,0.154,0.264,50,90.3
"Vierling, Matt",663837,2023,0.261,0.329,0.388,0.717,0.127,0.321,44,89.1
"Stephenson, Tyler",663886,2023,0.243,0.317,0.378,0.695,0.135,0.314,56,89.4
"Lowe, Nathaniel",663993,2023,0.262,0.36,0.414,0.774,0.152,0.329,82,89.8
"Happ, Ian",664023,2023,0.248,0.36,0.431,0.791,0.183,0.299,84,89.9
"France, Ty",664034,2023,0.25,0.337,0.366,0.703,0.116,0.294,58,87.5
"Straw, Myles",664702,2023,0.238,0.301,0.297,0.598,0.059,0.295,29,86.3
"Bohm, Alec",664761,2023,0.274,0.327,0.437,0.764,0.163,0.296,97,89.4
"Wade Jr., LaMonte",664774,2023,0.256,0.373,0.417,0.79,0.161,0.29,45,88.4
"Peña, Jeremy",665161,2023,0.263,0.324,0.381,0.705,0.118,0.323,52,88
"Tatis Jr., Fernando",665487,2023,0.257,0.322,0.449,0.771,0.192,0.299,78,91.9
"Guerrero Jr., Vladimir",665489,2023,0.264,0.345,0.444,0.789,0.18,0.277,94,92.1
"Soto, Juan",665742,2023,0.275,0.41,0.519,0.929,0.244,0.296,109,93.2
"Taveras, Leody",665750,2023,0.266,0.312,0.421,0.733,0.155,0.318,67,90.1
"Giménez, Andrés",665926,2023,0.251,0.314,0.399,0.713,0.148,0.289,62,84.8
"Bichette, Bo",666182,2023,0.306,0.339,0.475,0.814,0.169,0.355,73,90.2
"García, Adolis",666969,2023,0.245,0.328,0.508,0.836,0.263,0.28,107,92.1
"Gurriel Jr., Lourdes",666971,2023,0.261,0.309,0.463,0.772,0.202,0.282,82,89.7
"Rooker Jr., Brent",667670,2023,0.246,0.329,0.488,0.817,0.242,0.317,69,91.6
"Arozarena, Randy",668227,2023,0.254,0.364,0.425,0.789,0.171,0.31,83,91.7
"Steer, Spencer",668715,2023,0.271,0.356,0.464,0.82,0.193,0.318,86,88.7
"Reynolds, Bryan",668804,2023,0.263,0.33,0.46,0.79,0.197,0.304,84,90.9
"Rutschman, Adley",668939,2023,0.277,0.374,0.435,0.809,0.158,0.303,80,88.4
"Melendez Jr., MJ",669004,2023,0.235,0.316,0.398,0.714,0.163,0.311,56,93.2
"Edman, Tommy",669242,2023,0.248,0.307,0.399,0.706,0.151,0.275,47,89.1
"Smith, Will",669257,2023,0.261,0.359,0.438,0.797,0.177,0.277,76,89.3
"Suwinski, Jack",669261,2023,0.224,0.339,0.454,0.793,0.23,0.29,74,90.5
"Burger, Jake",669394,2023,0.25,0.309,0.518,0.827,0.268,0.284,80,91.9
"Hays, Austin",669720,2023,0.275,0.325,0.444,0.769,0.169,0.345,67,89.4
"Paredes, Isaac",670623,2023,0.25,0.352,0.488,0.84,0.238,0.257,98,86.9
"Friedl Jr., TJ",670770,2023,0.279,0.352,0.467,0.819,0.188,0.308,66,86.7
"Casas, Triston",671213,2023,0.263,0.367,0.49,0.857,0.227,0.317,65,91.1
"Harris II, Michael",671739,2023,0.293,0.331,0.477,0.808,0.184,0.334,57,90.9
"Garcia, Maikel",672580,2023,0.272,0.323,0.358,0.681,0.086,0.344,50,91.8
"Robert Jr., Luis",673357,2023,0.264,0.315,0.542,0.857,0.278,0.314,80,89.1
"Kim, Ha-Seong",673490,2023,0.26,0.351,0.398,0.749,0.138,0.306,60,86.2
"Suzuki, Seiya",673548,2023,0.285,0.357,0.485,0.842,0.2,0.341,74,91.4
"Jung, Josh",673962,2023,0.266,0.315,0.467,0.782,0.201,0.34,70,91.8
"Rodríguez, Julio",677594,2023,0.275,0.333,0.485,0.818,0.21,0.33,103,92.7
"Witt Jr., Bobby",677951,2023,0.276,0.319,0.495,0.814,0.219,0.295,96,90.7
"Tovar, Ezequiel",678662,2023,0.253,0.287,0.408,0.695,0.155,0.328,73,88
"Torkelson, Spencer",679529,2023,0.233,0.313,0.446,0.759,0.213,0.269,94,91.8
"Kwan, Steven",680757,2023,0.268,0.34,0.37,0.71,0.102,0.294,54,86
"Stott, Bryson",681082,2023,0.28,0.329,0.419,0.748,0.139,0.312,62,88.1
"Outman, James",681546,2023,0.248,0.353,0.437,0.79,0.189,0.343,70,87.9
"Abrams, CJ",682928,2023,0.245,0.3,0.412,0.712,0.167,0.279,64,87.4
"Carroll, Corbin",682998,2023,0.285,0.362,0.506,0.868,0.221,0.325,76,90
"Henderson, Gunnar",683002,2023,0.255,0.325,0.489,0.814,0.234,0.306,82,92
"Volpe, Anthony",683011,2023,0.209,0.283,0.383,0.666,0.174,0.259,60,88.7
"Vaughn, Andrew",683734,2023,0.258,0.314,0.429,0.743,0.171,0.299,80,90.6
"Yoshida, Masataka",807799,2023,0.289,0.338,0.445,0.783,0.156,0.316,72,89
"McCutchen, Andrew",457705,2024,0.232,0.328,0.411,0.739,0.179,0.283,50,88.5
"Turner, Justin",457759,2024,0.259,0.354,0.383,0.737,0.124,0.299,55,87.1
"Santana, Carlos",467793,2024,0.238,0.328,0.42,0.748,0.182,0.252,71,89.2
"Goldschmidt, Paul",502671,2024,0.245,0.302,0.414,0.716,0.169,0.308,65,91.2
"Altuve, Jose",514888,2024,0.295,0.35,0.439,0.789,0.144,0.337,65,86.5
"Freeman, Freddie",518692,2024,0.282,0.378,0.476,0.854,0.194,0.306,89,89.4
"Perez, Salvador",521692,2024,0.271,0.33,0.456,0.786,0.185,0.302,104,91.1
"Ozuna, Marcell",542303,2024,0.302,0.378,0.546,0.924,0.244,0.359,104,92.1
"Semien, Marcus",543760,2024,0.237,0.308,0.391,0.699,0.154,0.25,74,87.4
"Springer III, George",543807,2024,0.22,0.303,0.371,0.674,0.151,0.245,56,87.5
"Harper, Bryce",547180,2024,0.285,0.373,0.525,0.898,0.24,0.331,87,91.1
"Suárez, Eugenio",553993,2024,0.256,0.319,0.469,0.788,0.213,0.309,101,89.1
"Arenado, Nolan",571448,2024,0.272,0.325,0.394,0.719,0.122,0.296,71,86.3
"Walker, Christian",572233,2024,0.251,0.335,0.468,0.803,0.217,0.287,84,91.2
"Castellanos, Nick",592206,2024,0.254,0.311,0.431,0.742,0.177,0.294,86,88.4
"Judge, Aaron",592450,2024,0.322,0.458,0.701,1.159,0.379,0.367,144,96.2
"Machado, Manny",592518,2024,0.275,0.325,0.472,0.797,0.197,0.302,105,92.5
"Profar, Jurickson",595777,2024,0.28,0.38,0.459,0.839,0.179,0.302,85,91.1
"Lindor, Francisco",596019,2024,0.273,0.344,0.5,0.844,0.227,0.295,91,90.9
"Bell, Josh",605137,2024,0.249,0.319,0.405,0.724,0.156,0.286,71,88.9
"Betts, Mookie",605141,2024,0.289,0.372,0.491,0.863,0.202,0.294,75,89.9
"Arcia, Orlando",606115,2024,0.218,0.271,0.354,0.625,0.136,0.249,46,88.2
"Hernández, Teoscar",606192,2024,0.272,0.339,0.501,0.84,0.229,0.344,99,90.6
"Marte, Ketel",606466,2024,0.292,0.372,0.56,0.932,0.268,0.299,95,94
"Nimmo, Brandon",607043,2024,0.224,0.327,0.399,0.726,0.175,0.267,90,91.9
"Turner, Trea",607208,2024,0.295,0.338,0.469,0.807,0.174,0.331,62,89.1
"Ramírez, José",608070,2024,0.279,0.335,0.537,0.872,0.258,0.265,118,89.2
"Bregman, Alex",608324,2024,0.26,0.315,0.453,0.768,0.193,0.264,75,89.1
"Seager, Corey",608369,2024,0.278,0.353,0.512,0.865,0.234,0.291,74,92.1
"Winker, Jesse",608385,2024,0.253,0.36,0.405,0.765,0.152,0.304,58,88.6
"Swanson, Dansby",621020,2024,0.242,0.312,0.39,0.702,0.148,0.3,66,89.4
"Ward, Taylor",621493,2024,0.246,0.323,0.426,0.749,0.18,0.294,75,90.9
"Olson, Matt",621566,2024,0.247,0.333,0.457,0.79,0.21,0.293,98,91.5
"Santander, Anthony",623993,2024,0.235,0.308,0.506,0.814,0.271,0.225,102,89.8
"Alonso, Pete",624413,2024,0.24,0.329,0.459,0.788,0.219,0.276,88,89.8
"Soler, Jorge",624585,2024,0.241,0.338,0.442,0.78,0.201,0.293,64,90.5
"Cronenworth, Jake",630105,2024,0.241,0.324,0.39,0.714,0.149,0.274,83,88.6
"Bellinger, Cody",641355,2024,0.266,0.325,0.426,0.751,0.16,0.287,78,87.8
"McMahon, Ryan",641857,2024,0.242,0.325,0.397,0.722,0.155,0.32,65,92.1
"Adames, Willy",642715,2024,0.251,0.331,0.462,0.793,0.211,0.297,112,88.6
"Benintendi, Andrew",643217,2024,0.229,0.289,0.396,0.685,0.167,0.245,64,88
"Devers, Rafael",646240,2024,0.272,0.354,0.516,0.87,0.244,0.323,83,93.2
"Naylor, Josh",647304,2024,0.243,0.32,0.456,0.776,0.213,0.246,108,89.9
"Arraez, Luis",650333,2024,0.314,0.346,0.392,0.738,0.078,0.324,46,86.3
"Torres, Gleyber",650402,2024,0.257,0.33,0.378,0.708,0.121,0.306,63,88.6
"Castro, Willi",650489,2024,0.247,0.331,0.385,0.716,0.138,0.315,60,87.4
"Díaz, Yandy",650490,2024,0.281,0.341,0.414,0.755,0.133,0.314,65,92.2
"De La Cruz, Bryan",650559,2024,0.233,0.271,0.384,0.655,0.151,0.289,68,89.6
"Chapman, Matt",656305,2024,0.247,0.328,0.463,0.791,0.216,0.293,78,93.2
"Hoskins, Rhys",656555,2024,0.214,0.303,0.419,0.722,0.205,0.25,82,88.7
"Schwarber, Kyle",656941,2024,0.248,0.366,0.485,0.851,0.237,0.301,104,93.6
"Thomas, Lane",657041,2024,0.237,0.309,0.4,0.709,0.163,0.298,63,88.8
"Verdugo, Alex",657077,2024,0.233,0.291,0.356,0.647,0.123,0.253,61,88.3
"Ohtani, Shohei",660271,2024,0.31,0.39,0.646,1.036,0.336,0.336,130,95.8
"Sánchez, Jesús",660821,2024,0.252,0.313,0.417,0.73,0.165,0.315,64,92.5
"Contreras, William",661388,2024,0.281,0.365,0.466,0.831,0.185,0.33,92,92.8
"Varsho, Daulton",662139,2024,0.214,0.293,0.407,0.7,0.193,0.262,58,86.1
"Hoerner, Nico",663538,2024,0.273,0.335,0.373,0.708,0.1,0.297,48,85.7
"Mountcastle, Ryan",663624,2024,0.271,0.308,0.425,0.733,0.154,0.327,63,90.8
"India, Jonathan",663697,2024,0.248,0.357,0.392,0.749,0.144,0.292,58,87.2
"Raleigh, Cal",663728,2024,0.22,0.312,0.436,0.748,0.216,0.251,100,91
"Vierling, Matt",663837,2024,0.257,0.312,0.423,0.735,0.166,0.303,57,89.8
"Stephenson, Tyler",663886,2024,0.258,0.338,0.444,0.782,0.186,0.307,66,90.2
"Rodgers, Brendan",663898,2024,0.267,0.314,0.407,0.721,0.14,0.338,54,89.3
"Lowe, Nathaniel",663993,2024,0.265,0.361,0.401,0.762,0.136,0.324,69,88.9
"Happ, Ian",664023,2024,0.243,0.341,0.441,0.782,0.198,0.299,86,90.8
"France, Ty",664034,2024,0.234,0.305,0.365,0.67,0.131,0.277,51,88.7
"Bohm, Alec",664761,2024,0.28,0.332,0.448,0.78,0.168,0.305,97,90.4
"Peña, Jeremy",665161,2024,0.266,0.308,0.394,0.702,0.128,0.301,70,88.2
"Guerrero Jr., Vladimir",665489,2024,0.323,0.396,0.544,0.94,0.221,0.342,103,93.8
"Soto, Juan",665742,2024,0.288,0.419,0.569,0.988,0.281,0.298,109,94.2
"Taveras, Leody",665750,2024,0.229,0.289,0.352,0.641,0.123,0.272,44,89
"Cruz, Oneil",665833,2024,0.259,0.324,0.449,0.773,0.19,0.347,76,95.5
"Chisholm Jr., Jazz",665862,2024,0.256,0.324,0.436,0.76,0.18,0.309,73,89.7
"Giménez, Andrés",665926,2024,0.252,0.298,0.34,0.638,0.088,0.286,63,86.3
"Morel, Christopher",666624,2024,0.196,0.288,0.346,0.634,0.15,0.233,60,89.2
"García, Adolis",666969,2024,0.224,0.284,0.4,0.684,0.176,0.273,85,91
"Gurriel Jr., Lourdes",666971,2024,0.279,0.322,0.435,0.757,0.156,0.313,75,88.4
"Rooker Jr., Brent",667670,2024,0.293,0.365,0.562,0.927,0.269,0.362,112,91.9
"Arozarena, Randy",668227,2024,0.219,0.332,0.388,0.72,0.169,0.275,60,90.4
"Bleday, JJ",668709,2024,0.243,0.324,0.437,0.761,0.194,0.279,60,88.5
"Steer, Spencer",668715,2024,0.225,0.319,0.402,0.721,0.177,0.26,92,88
"Reynolds, Bryan",668804,2024,0.275,0.344,0.447,0.791,0.172,0.33,88,89.9
"Turang, Brice",668930,2024,0.254,0.316,0.349,0.665,0.095,0.3,57,87
"Rutschman, Adley",668939,2024,0.25,0.318,0.391,0.709,0.141,0.272,79,88.2
"Langeliers, Shea",669127,2024,0.224,0.288,0.45,0.738,0.226,0.252,80,91.3
"Smith, Will",669257,2024,0.248,0.327,0.433,0.76,0.185,0.273,75,89.4
"Burger, Jake",669394,2024,0.25,0.301,0.46,0.761,0.21,0.292,76,91.3
"Smith, Josh",669701,2024,0.258,0.337,0.394,0.731,0.136,0.311,62,87.8
"Alvarez, Yordan",670541,2024,0.308,0.392,0.567,0.959,0.259,0.317,86,93.1
"Paredes, Isaac",670623,2024,0.238,0.346,0.393,0.739,0.155,0.259,80,85
"Ramos, Heliot",671218,2024,0.269,0.322,0.469,0.791,0.2,0.329,72,91.5
"García, Luis",671277,2024,0.282,0.318,0.444,0.762,0.162,0.31,70,89.1
"Garcia, Maikel",672580,2024,0.231,0.281,0.332,0.613,0.101,0.268,58,90.4
"Diaz, Yainer",673237,2024,0.299,0.325,0.441,0.766,0.142,0.338,84,90.2
"Suzuki, Seiya",673548,2024,0.283,0.366,0.482,0.848,0.199,0.37,73,91.7
"Burleson, Alec",676475,2024,0.269,0.314,0.42,0.734,0.151,0.276,78,89.7
"Meyers, Jake",676694,2024,0.219,0.286,0.36,0.646,0.141,0.263,61,88.2
"Rodríguez, Julio",677594,2024,0.273,0.325,0.409,0.734,0.136,0.344,68,91.7
"Witt Jr., Bobby",677951,2024,0.332,0.389,0.588,0.977,0.256,0.354,109,92.7
"Tovar, Ezequiel",678662,2024,0.269,0.295,0.469,0.764,0.2,0.344,78,88.8
"Rafaela, Ceddanne",678882,2024,0.246,0.274,0.39,0.664,0.144,0.312,75,86.6
"Kwan, Steven",680757,2024,0.292,0.368,0.425,0.793,0.133,0.304,44,86.3
"Duran, Jarren",680776,2024,0.285,0.342,0.492,0.834,0.207,0.345,75,90.8
"Gelof, Zack",680869,2024,0.211,0.27,0.362,0.632,0.151,0.296,49,89.2
"Donovan, Brendan",680977,2024,0.278,0.342,0.417,0.759,0.139,0.3,73,88.7
"Stott, Bryson",681082,2024,0.245,0.315,0.356,0.671,0.111,0.275,57,87
"Cowser, Colton",681297,2024,0.242,0.321,0.447,0.768,0.205,0.317,69,90.5
"O'Hoppe, Logan",681351,2024,0.244,0.303,0.409,0.712,0.165,0.318,56,90.4
"De La Cruz, Elly",682829,2024,0.259,0.339,0.471,0.81,0.212,0.359,76,91.8
"Abrams, CJ",682928,2024,0.246,0.314,0.433,0.747,0.187,0.285,65,88.2
"Greene, Riley",682985,2024,0.262,0.348,0.479,0.827,0.217,0.329,74,91.3
"Carroll, Corbin",682998,2024,0.231,0.322,0.428,0.75,0.197,0.256,74,89.3
"Henderson, Gunnar",683002,2024,0.281,0.364,0.529,0.893,0.248,0.32,92,92.8
"Volpe, Anthony",683011,2024,0.243,0.293,0.364,0.657,0.121,0.303,60,87.7
"Vaughn, Andrew",683734,2024,0.246,0.297,0.402,0.699,0.156,0.285,70,90.3
"Busch, Michael",683737,2024,0.248,0.335,0.44,0.775,0.192,0.322,65,89.9
"Frelick, Sal",686217,2024,0.259,0.32,0.335,0.655,0.076,0.306,32,83.4
"Pasquantino, Vinnie",686469,2024,0.262,0.315,0.446,0.761,0.184,0.265,97,91
"Doyle, Brenton",686668,2024,0.26,0.317,0.446,0.763,0.186,0.316,72,89.2
"Neto, Zach",687263,2024,0.249,0.318,0.443,0.761,0.194,0.295,77,88.5
"Ortiz, Joey",687401,2024,0.239,0.329,0.398,0.727,0.159,0.283,60,87.8
"Keith, Colt",690993,2024,0.26,0.309,0.38,0.689,0.12,0.306,61,87.8
"Winn, Masyn",691026,2024,0.267,0.314,0.416,0.73,0.149,0.303,57,87
"Chourio, Jackson",694192,2024,0.275,0.327,0.464,0.791,0.189,0.32,79,89.7
"Schanuel, Nolan",694384,2024,0.25,0.343,0.362,0.705,0.112,0.285,54,86.1
"Langford, Wyatt",694671,2024,0.253,0.325,0.415,0.74,0.162,0.296,74,89.6
"Young, Jacob",696285,2024,0.256,0.316,0.331,0.647,0.075,0.321,36,85.8
"Merrill, Jackson",701538,2024,0.292,0.326,0.5,0.826,0.208,0.318,90,90.4
"McCutchen, Andrew",457705,2025,0.239,0.333,0.367,0.7,0.128,0.289,57,89.5
"Goldschmidt, Paul",502671,2025,0.274,0.328,0.403,0.731,0.129,0.325,45,90.4
"Altuve, Jose",514888,2025,0.265,0.329,0.442,0.771,0.177,0.283,77,85.1
"Freeman, Freddie",518692,2025,0.295,0.367,0.502,0.869,0.207,0.342,90,90.9
"Perez, Salvador",521692,2025,0.236,0.284,0.446,0.73,0.21,0.251,100,90
"Ozuna, Marcell",542303,2025,0.232,0.355,0.4,0.755,0.168,0.28,68,89.9
"Semien, Marcus",543760,2025,0.23,0.305,0.364,0.669,0.134,0.251,62,88.3
"Springer III, George",543807,2025,0.309,0.399,0.56,0.959,0.251,0.34,84,90
"Trout, Mike",545361,2025,0.232,0.359,0.439,0.798,0.207,0.31,64,90.9
"Harper, Bryce",547180,2025,0.261,0.357,0.487,0.844,0.226,0.292,75,91.3
"Suárez, Eugenio",553993,2025,0.228,0.298,0.526,0.824,0.298,0.243,118,90.2
"Walker, Christian",572233,2025,0.238,0.297,0.421,0.718,0.183,0.291,88,90.9
"Yastrzemski, Mike",573262,2025,0.233,0.333,0.403,0.736,0.17,0.263,46,90.8
"Contreras, Willson",575929,2025,0.257,0.344,0.447,0.791,0.19,0.319,80,90.6
"Castellanos, Nick",592206,2025,0.25,0.294,0.4,0.694,0.15,0.298,72,87.8
"Judge, Aaron",592450,2025,0.331,0.457,0.688,1.145,0.357,0.376,114,95.4
"Machado, Manny",592518,2025,0.275,0.335,0.46,0.795,0.185,0.307,95,92.9
"Realmuto, J.T.",592663,2025,0.257,0.315,0.384,0.699,0.127,0.321,52,90
"Yelich, Christian",592885,2025,0.264,0.343,0.452,0.795,0.188,0.323,103,90.2
"Bogaerts, Xander",593428,2025,0.263,0.328,0.391,0.719,0.128,0.299,53,89
"Polanco, Jorge",593871,2025,0.265,0.326,0.495,0.821,0.23,0.269,78,90.8
"Lindor, Francisco",596019,2025,0.267,0.346,0.466,0.812,0.199,0.288,86,90.5
"Story, Trevor",596115,2025,0.263,0.308,0.433,0.741,0.17,0.33,96,91.4
"Bell, Josh",605137,2025,0.237,0.325,0.417,0.742,0.18,0.247,63,90.4
"Betts, Mookie",605141,2025,0.258,0.326,0.406,0.732,0.148,0.258,82,89.1
"Hernández, Teoscar",606192,2025,0.247,0.284,0.454,0.738,0.207,0.283,89,90.2
"Marte, Ketel",606466,2025,0.283,0.376,0.517,0.893,0.234,0.29,72,90.8
"Nimmo, Brandon",607043,2025,0.262,0.324,0.436,0.76,0.174,0.301,92,91.9
"Turner, Trea",607208,2025,0.304,0.355,0.457,0.812,0.153,0.35,69,89.3
"Ramírez, José",608070,2025,0.283,0.36,0.503,0.863,0.22,0.279,85,88.9
"Swanson, Dansby",621020,2025,0.244,0.3,0.417,0.717,0.173,0.298,77,90.5
"Correa, Carlos",621043,2025,0.276,0.332,0.402,0.734,0.126,0.328,52,90.5
"Buxton, Byron",621439,2025,0.264,0.327,0.551,0.878,0.287,0.302,83,92.5
"Ward, Taylor",621493,2025,0.228,0.317,0.475,0.792,0.247,0.257,103,90.1
"Olson, Matt",621566,2025,0.272,0.366,0.484,0.85,0.212,0.333,95,93.3
"Alonso, Pete",624413,2025,0.272,0.347,0.524,0.871,0.252,0.305,126,93.5
"Cronenworth, Jake",630105,2025,0.246,0.367,0.377,0.744,0.131,0.299,59,88.5
"Bellinger, Cody",641355,2025,0.272,0.334,0.48,0.814,0.208,0.274,98,88.3
"Crawford, J.P.",641487,2025,0.265,0.352,0.37,0.722,0.105,0.318,58,87.2
"McMahon, Ryan",641857,2025,0.214,0.312,0.381,0.693,0.167,0.294,53,93.3
"Adames, Willy",642715,2025,0.225,0.318,0.421,0.739,0.196,0.263,87,88.9
"Albies, Ozzie",645277,2025,0.24,0.306,0.365,0.671,0.125,0.259,74,87.5
"Devers, Rafael",646240,2025,0.252,0.372,0.479,0.851,0.227,0.307,109,93.5
"Naylor, Josh",647304,2025,0.295,0.353,0.462,0.815,0.167,0.315,92,89.2
"Arraez, Luis",650333,2025,0.292,0.327,0.392,0.719,0.1,0.289,61,86.1
"Torres, Gleyber",650402,2025,0.256,0.358,0.387,0.745,0.131,0.284,74,90
"Díaz, Yandy",650490,2025,0.3,0.366,0.482,0.848,0.182,0.318,83,93
"Rengifo, Luis",650859,2025,0.238,0.287,0.335,0.622,0.097,0.281,43,87.1
"Chapman, Matt",656305,2025,0.231,0.34,0.43,0.77,0.199,0.27,61,92.2
"McKinstry, Zach",656716,2025,0.259,0.333,0.438,0.771,0.179,0.314,49,85.7
"O'Hearn, Ryan",656811,2025,0.281,0.366,0.437,0.803,0.156,0.33,63,89.4
"Schwarber, Kyle",656941,2025,0.24,0.365,0.563,0.928,0.323,0.253,132,94.3
"Sheets, Gavin",657757,2025,0.252,0.317,0.429,0.746,0.177,0.284,71,89.9
"Ohtani, Shohei",660271,2025,0.282,0.392,0.622,1.014,0.34,0.315,102,94.9
"Contreras, William",661388,2025,0.26,0.355,0.399,0.754,0.139,0.299,76,91.1
"Nootbaar, Lars",663457,2025,0.234,0.325,0.361,0.686,0.127,0.279,48,91.3
"Hoerner, Nico",663538,2025,0.297,0.345,0.394,0.739,0.097,0.313,61,86.7
"Larnach, Trevor",663616,2025,0.25,0.323,0.404,0.727,0.154,0.295,60,90.9
"Hayes, Ke'Bryan",663647,2025,0.235,0.29,0.306,0.596,0.071,0.289,49,89.3
"Tucker, Kyle",663656,2025,0.266,0.377,0.464,0.841,0.198,0.282,73,90.1
"India, Jonathan",663697,2025,0.233,0.323,0.346,0.669,0.113,0.279,45,87.9
"Raleigh, Cal",663728,2025,0.247,0.359,0.589,0.948,0.342,0.248,125,91.3
"Grisham, Trent",663757,2025,0.235,0.348,0.464,0.812,0.229,0.253,74,91.1
"Lowe, Nathaniel",663993,2025,0.228,0.307,0.381,0.688,0.153,0.285,84,89
"Happ, Ian",664023,2025,0.243,0.342,0.42,0.762,0.177,0.287,79,90
"Lowe, Brandon",664040,2025,0.256,0.307,0.477,0.784,0.221,0.297,83,91.1
"Bohm, Alec",664761,2025,0.287,0.331,0.409,0.74,0.122,0.324,59,90.8
"Peña, Jeremy",665161,2025,0.304,0.363,0.477,0.84,0.173,0.345,62,88.9
"Tatis Jr., Fernando",665487,2025,0.268,0.368,0.446,0.814,0.178,0.303,71,93.3
"Guerrero Jr., Vladimir",665489,2025,0.292,0.381,0.467,0.848,0.175,0.313,84,92
"Soto, Juan",665742,2025,0.263,0.396,0.525,0.921,0.262,0.27,105,93.8
"Cruz, Oneil",665833,2025,0.2,0.298,0.378,0.676,0.178,0.262,61,95.8
"Chisholm Jr., Jazz",665862,2025,0.242,0.332,0.481,0.813,0.239,0.282,80,89
"Lux, Gavin",666158,2025,0.269,0.35,0.374,0.724,0.105,0.351,53,88.3
"Adell, Jo",666176,2025,0.236,0.293,0.485,0.778,0.249,0.257,98,91.7
"Bichette, Bo",666182,2025,0.311,0.357,0.483,0.84,0.172,0.342,94,91
"García, Adolis",666969,2025,0.227,0.271,0.394,0.665,0.167,0.267,75,92.1
"Gurriel Jr., Lourdes",666971,2025,0.248,0.295,0.418,0.713,0.17,0.254,80,87.8
"Rooker Jr., Brent",667670,2025,0.262,0.335,0.479,0.814,0.217,0.302,89,90.7
"Arozarena, Randy",668227,2025,0.238,0.334,0.426,0.76,0.188,0.297,76,91.3
"Steer, Spencer",668715,2025,0.238,0.312,0.411,0.723,0.173,0.277,75,87.3
"Reynolds, Bryan",668804,2025,0.245,0.318,0.402,0.72,0.157,0.319,73,91.2
"Turang, Brice",668930,2025,0.288,0.359,0.435,0.794,0.147,0.356,81,91.1
"Langeliers, Shea",669127,2025,0.277,0.325,0.536,0.861,0.259,0.29,72,90.8
"Edwards, Xavier",669364,2025,0.283,0.343,0.353,0.696,0.07,0.33,43,86.8
"Smith, Josh",669701,2025,0.251,0.335,0.366,0.701,0.115,0.295,35,87.2
"Friedl Jr., TJ",670770,2025,0.261,0.364,0.378,0.742,0.117,0.301,53,87.1
"Ramos, Heliot",671218,2025,0.256,0.328,0.4,0.728,0.144,0.309,69,91.8
"García, Luis",671277,2025,0.252,0.289,0.412,0.701,0.16,0.27,66,90.2
"Butler, Lawrence",671732,2025,0.234,0.306,0.404,0.71,0.17,0.304,63,90.5
"Harris II, Michael",671739,2025,0.249,0.268,0.409,0.677,0.16,0.281,86,90.2
"Kirk, Alejandro",672386,2025,0.282,0.348,0.421,0.769,0.139,0.292,76,91.1
"Garcia, Maikel",672580,2025,0.286,0.351,0.449,0.8,0.163,0.308,74,91.3
"Lopez, Otto",672640,2025,0.246,0.305,0.368,0.673,0.122,0.264,77,88.5
"Perdomo, Geraldo",672695,2025,0.29,0.389,0.462,0.851,0.172,0.303,100,87.6
"Sosa, Lenyn",672820,2025,0.264,0.293,0.434,0.727,0.17,0.309,75,90.7
"Diaz, Yainer",673237,2025,0.256,0.284,0.417,0.701,0.161,0.277,70,89.9
"Suzuki, Seiya",673548,2025,0.245,0.326,0.478,0.804,0.233,0.282,103,91.3
"Jung, Josh",673962,2025,0.251,0.294,0.39,0.684,0.139,0.316,61,89.3
"Clement, Ernie",676391,2025,0.277,0.313,0.398,0.711,0.121,0.296,50,86.6
"Burleson, Alec",676475,2025,0.29,0.343,0.459,0.802,0.169,0.312,69,91
"Wagaman, Eric",676572,2025,0.25,0.296,0.378,0.674,0.128,0.296,53,91
"Rodríguez, Julio",677594,2025,0.267,0.324,0.474,0.798,0.207,0.302,95,91.8
"Witt Jr., Bobby",677951,2025,0.295,0.351,0.501,0.852,0.206,0.334,88,93.3
"Vargas, Miguel",678246,2025,0.234,0.316,0.401,0.717,0.167,0.261,60,89.7
"Rafaela, Ceddanne",678882,2025,0.249,0.295,0.414,0.709,0.165,0.289,63,88.3
"Torkelson, Spencer",679529,2025,0.24,0.333,0.456,0.789,0.216,0.283,78,90.2
"McLain, Matt",680574,2025,0.22,0.3,0.343,0.643,0.123,0.292,50,88.8
"Kwan, Steven",680757,2025,0.272,0.33,0.374,0.704,0.102,0.283,56,86.2
"Duran, Jarren",680776,2025,0.256,0.332,0.442,0.774,0.186,0.326,84,91.8
"Donovan, Brendan",680977,2025,0.287,0.353,0.422,0.775,0.135,0.315,50,89.7
"Stott, Bryson",681082,2025,0.257,0.328,0.391,0.719,0.134,0.288,66,87.6
"Pages, Andy",681624,2025,0.272,0.313,0.461,0.774,0.189,0.308,86,88.6
"Ramírez, Agustín",682663,2025,0.231,0.287,0.413,0.7,0.182,0.253,67,90.8
"De La Cruz, Elly",682829,2025,0.264,0.336,0.44,0.776,0.176,0.337,86,91
"Abrams, CJ",682928,2025,0.257,0.315,0.433,0.748,0.176,0.296,60,88.7
"Greene, Riley",682985,2025,0.258,0.313,0.493,0.806,0.235,0.323,111,89.9
"Carroll, Corbin",682998,2025,0.259,0.343,0.541,0.884,0.282,0.299,84,92.1
"Henderson, Gunnar",683002,2025,0.274,0.349,0.438,0.787,0.164,0.329,68,92.1
"Volpe, Anthony",683011,2025,0.212,0.272,0.391,0.663,0.179,0.252,72,89.3
"Busch, Michael",683737,2025,0.261,0.343,0.523,0.866,0.262,0.292,90,92.2
"Frelick, Sal",686217,2025,0.288,0.351,0.405,0.756,0.117,0.317,63,85.5
"Pasquantino, Vinnie",686469,2025,0.264,0.323,0.475,0.798,0.211,0.271,113,90.9
"Doyle, Brenton",686668,2025,0.233,0.274,0.376,0.65,0.143,0.289,57,89.9
"Lee, Brooks",686797,2025,0.236,0.285,0.37,0.655,0.134,0.258,64,88.6
"Neto, Zach",687263,2025,0.257,0.319,0.474,0.793,0.217,0.312,62,91
"Ortiz, Joey",687401,2025,0.23,0.276,0.317,0.593,0.087,0.26,45,84.9
"Beck, Jordan",687597,2025,0.258,0.317,0.416,0.733,0.158,0.351,53,87.4
"Soderstrom, Tyler",691016,2025,0.276,0.346,0.474,0.82,0.198,0.327,93,91.6
"Winn, Masyn",691026,2025,0.253,0.31,0.363,0.673,0.11,0.301,51,88.3
"Caminero, Junior",691406,2025,0.264,0.311,0.535,0.846,0.271,0.26,110,92.4
"Crow-Armstrong, Pete",691718,2025,0.247,0.287,0.481,0.768,0.234,0.276,95,89.5
"Chourio, Jackson",694192,2025,0.27,0.308,0.463,0.771,0.193,0.308,78,89.3
"Schanuel, Nolan",694384,2025,0.264,0.353,0.389,0.742,0.125,0.286,53,87.5
"Langford, Wyatt",694671,2025,0.241,0.344,0.431,0.775,0.19,0.299,62,91.4
"Wood, James",695578,2025,0.256,0.35,0.475,0.825,0.219,0.35,94,94.3
"Goodman, Hunter",696100,2025,0.278,0.323,0.52,0.843,0.242,0.331,91,90.8
"Rice, Ben",700250,2025,0.255,0.337,0.499,0.836,0.244,0.271,65,93.3
"Manzardo, Kyle",700932,2025,0.234,0.313,0.455,0.768,0.221,0.265,70,90.3
"Durbin, Caleb",702332,2025,0.256,0.334,0.387,0.721,0.131,0.265,53,85.2
"Holliday, Jackson",702616,2025,0.242,0.314,0.375,0.689,0.133,0.291,55,88.8
"Meidroth, Chase",805367,2025,0.253,0.329,0.32,0.649,0.067,0.291,23,88.2
"Wilson Jr., Jacob",805779,2025,0.311,0.355,0.444,0.799,0.133,0.317,63,84.6
"Lee, Jung Hoo",808982,2025,0.266,0.327,0.407,0.734,0.141,0.291,55,87.1
