"last_name, first_name",player_id,year,player_age,pa,hit,k_percent,bb_percent,batting_avg,slg_percent,on_base_percent,on_base_plus_slg,isolated_power,babip,b_rbi,xba,xslg,woba,xwoba,xobp,xiso,wobacon,xwobacon,exit_velocity_avg
"Cabrera, Miguel",408234,2021,38,526,121,22.4,7.6,0.256,0.386,0.316,0.702,0.13,0.305,75,0.234,0.42,0.305,0.315,0.301,0.186,0.356,0.372,91.4
"Cruz Jr., Nelson",443558,2021,40,584,136,21.6,8.7,0.265,0.497,0.334,0.831,0.232,0.286,86,0.264,0.512,0.346,0.363,0.341,0.248,0.414,0.439,92.9
"Peralta, David",444482,2021,33,538,126,17.1,8.6,0.259,0.402,0.325,0.727,0.143,0.303,63,0.243,0.345,0.314,0.293,0.313,0.103,0.343,0.315,89.3
"Blackmon, Charlie",453568,2021,34,582,139,15.6,9.3,0.27,0.411,0.351,0.762,0.141,0.305,78,0.291,0.45,0.333,0.359,0.369,0.16,0.349,0.385,87.6
"McCutchen, Andrew",457705,2021,34,574,107,23,14.1,0.222,0.444,0.334,0.778,0.222,0.242,80,0.235,0.426,0.335,0.34,0.348,0.191,0.375,0.384,88.8
"Turner, Justin",457759,2021,36,612,148,16,10,0.278,0.471,0.361,0.832,0.193,0.292,87,0.27,0.47,0.358,0.359,0.358,0.199,0.382,0.383,90.9
"Votto, Joey",458015,2021,37,533,119,23.8,14.4,0.266,0.563,0.375,0.938,0.297,0.287,99,0.274,0.592,0.391,0.406,0.383,0.318,0.475,0.498,92.9
"Andrus, Elvis",462101,2021,32,541,121,15,5.7,0.243,0.32,0.294,0.614,0.077,0.283,37,0.273,0.375,0.27,0.308,0.324,0.102,0.286,0.335,87.8
"Santana, Carlos",467793,2021,35,659,121,15.5,13.1,0.214,0.342,0.319,0.661,0.128,0.227,69,0.244,0.421,0.294,0.335,0.345,0.177,0.285,0.342,89.9
"Lowrie, Jed",476704,2021,37,512,112,21.1,9.6,0.245,0.398,0.318,0.716,0.153,0.289,69,0.259,0.464,0.311,0.343,0.332,0.206,0.352,0.399,90.7
"Brantley Jr., Michael",488726,2021,34,508,146,10.4,6.5,0.311,0.437,0.362,0.799,0.126,0.337,47,0.312,0.466,0.347,0.361,0.365,0.154,0.36,0.378,89.5
"Gurriel Jr., Yuli",493329,2021,37,605,169,11.2,9.8,0.319,0.462,0.383,0.845,0.143,0.336,81,0.271,0.386,0.363,0.326,0.347,0.115,0.373,0.325,89.8
"Rojas, Miguel",500743,2021,32,539,131,13.7,6.9,0.265,0.392,0.322,0.714,0.127,0.295,48,0.244,0.339,0.311,0.287,0.303,0.096,0.328,0.297,86.2
"Escobar, Eduardo",500871,2021,32,599,139,20.7,8,0.253,0.472,0.314,0.786,0.219,0.279,90,0.249,0.453,0.334,0.328,0.31,0.205,0.391,0.382,87
"Pham, Tommy",502054,2021,33,561,109,22.8,13.9,0.229,0.383,0.34,0.723,0.154,0.28,49,0.253,0.438,0.318,0.35,0.362,0.185,0.35,0.4,90.8
"Martinez, J.D.",502110,2021,33,634,163,23.7,8.7,0.286,0.518,0.349,0.867,0.232,0.34,99,0.288,0.533,0.364,0.374,0.352,0.245,0.452,0.467,92.1
"Goldschmidt, Paul",502671,2021,33,679,177,20,9.9,0.294,0.514,0.365,0.879,0.22,0.331,99,0.293,0.575,0.373,0.397,0.366,0.282,0.434,0.468,92.6
"Altuve, Jose",514888,2021,31,678,167,13.4,9.7,0.278,0.489,0.35,0.839,0.211,0.28,83,0.262,0.421,0.357,0.332,0.339,0.159,0.376,0.344,87.7
"Hernández, César",514917,2021,31,637,132,21.2,9.3,0.232,0.386,0.308,0.694,0.154,0.266,62,0.243,0.386,0.302,0.311,0.319,0.144,0.34,0.353,87.4
"Segura, Jean",516416,2021,31,567,149,13.8,6.9,0.29,0.436,0.348,0.784,0.146,0.317,58,0.266,0.396,0.338,0.319,0.328,0.13,0.361,0.337,87.2
"Marte, Starling",516782,2021,32,526,145,18.8,8.2,0.31,0.458,0.383,0.841,0.148,0.372,55,0.277,0.438,0.364,0.347,0.354,0.161,0.413,0.389,87.6
"Donaldson, Josh",518626,2021,35,543,113,21,13.6,0.247,0.475,0.352,0.827,0.228,0.268,72,0.269,0.542,0.353,0.388,0.372,0.273,0.393,0.447,94.1
"Freeman, Freddie",518692,2021,31,695,180,15.4,12.2,0.3,0.503,0.393,0.896,0.203,0.321,83,0.316,0.579,0.379,0.413,0.407,0.263,0.411,0.458,91.4
"LeMahieu, DJ",518934,2021,32,679,160,13.8,10.8,0.268,0.362,0.349,0.711,0.094,0.301,57,0.283,0.397,0.315,0.34,0.366,0.114,0.318,0.35,90.6
"Rizzo, Anthony",519203,2021,31,576,123,15.1,9,0.248,0.44,0.344,0.784,0.192,0.258,61,0.261,0.434,0.339,0.347,0.356,0.173,0.346,0.357,90.1
"Stanton, Giancarlo",519317,2021,31,579,139,27.1,10.9,0.273,0.516,0.354,0.87,0.243,0.324,97,0.258,0.494,0.37,0.359,0.343,0.236,0.473,0.458,95.1
"Perez, Salvador",521692,2021,31,665,169,25.6,4.2,0.273,0.544,0.316,0.86,0.271,0.298,121,0.273,0.562,0.359,0.371,0.318,0.289,0.466,0.483,93
"García, Avisaíl",541645,2021,30,515,121,23.5,7.4,0.262,0.49,0.33,0.82,0.228,0.291,86,0.278,0.514,0.346,0.366,0.346,0.236,0.422,0.452,90.4
"Villar, Jonathan",542340,2021,30,505,113,26.1,9.1,0.249,0.416,0.322,0.738,0.167,0.313,42,0.235,0.388,0.32,0.307,0.31,0.153,0.396,0.377,88
"Aguilar, Jesús",542583,2021,31,510,117,18.2,9,0.261,0.459,0.329,0.788,0.198,0.279,93,0.26,0.453,0.334,0.334,0.329,0.193,0.375,0.375,89.6
"Crawford, Brandon",543063,2021,34,549,144,19.1,10.2,0.298,0.522,0.373,0.895,0.224,0.334,90,0.259,0.492,0.377,0.356,0.341,0.233,0.435,0.405,88.8
"Cron, C.J.",543068,2021,31,547,132,21.4,11,0.281,0.53,0.375,0.905,0.249,0.316,92,0.261,0.481,0.383,0.364,0.36,0.22,0.447,0.418,88.8
"Grossman, Robbie",543257,2021,31,671,133,23.1,14.6,0.239,0.415,0.357,0.772,0.176,0.286,67,0.234,0.399,0.337,0.334,0.355,0.165,0.376,0.371,87.8
"Harrison, Josh",543281,2021,33,558,141,13.4,5.6,0.279,0.4,0.341,0.741,0.121,0.313,60,0.278,0.42,0.325,0.333,0.34,0.142,0.338,0.349,87.2
"Hosmer, Eric",543333,2021,31,565,137,17.5,8.5,0.269,0.395,0.337,0.732,0.126,0.313,65,0.268,0.406,0.319,0.326,0.337,0.137,0.35,0.359,90.5
"Semien, Marcus",543760,2021,30,724,173,20.2,9.1,0.265,0.538,0.334,0.872,0.273,0.276,102,0.249,0.459,0.368,0.336,0.32,0.211,0.429,0.385,89.7
"Grichuk, Randal",545341,2021,29,545,123,20.9,5,0.241,0.423,0.281,0.704,0.182,0.266,81,0.234,0.402,0.3,0.297,0.278,0.167,0.356,0.352,89.8
"Harper, Bryce",547180,2021,28,599,151,22.4,16.7,0.309,0.615,0.429,1.044,0.306,0.359,84,0.301,0.609,0.431,0.43,0.423,0.308,0.525,0.523,92.5
"Abreu, José",547989,2021,34,659,148,21.7,9.3,0.261,0.481,0.351,0.832,0.22,0.293,117,0.252,0.457,0.354,0.349,0.347,0.205,0.407,0.4,92
"Suárez, Eugenio",553993,2021,29,574,100,29.8,9.8,0.198,0.428,0.286,0.714,0.23,0.224,79,0.215,0.455,0.306,0.326,0.302,0.24,0.387,0.42,89.1
"Schoop, Jonathan",570731,2021,29,674,173,19.7,5.5,0.278,0.435,0.32,0.755,0.157,0.317,84,0.258,0.404,0.324,0.311,0.305,0.147,0.378,0.361,88.1
"Arenado, Nolan",571448,2021,30,653,151,14.7,7.7,0.255,0.494,0.312,0.806,0.239,0.249,105,0.248,0.42,0.336,0.311,0.308,0.172,0.368,0.336,89
"Farmer, Kyle",571657,2021,30,529,127,18.3,4.2,0.263,0.416,0.316,0.732,0.153,0.296,63,0.252,0.383,0.316,0.302,0.306,0.132,0.356,0.336,87.2
"Haniger, Mitch",571745,2021,30,691,157,24.5,7.8,0.253,0.485,0.318,0.803,0.232,0.281,100,0.258,0.493,0.34,0.35,0.325,0.235,0.418,0.433,89.3
"Hernández, Enrique",571771,2021,29,585,127,18.8,10.4,0.25,0.449,0.337,0.786,0.199,0.278,60,0.253,0.455,0.338,0.346,0.342,0.202,0.368,0.38,90.8
"Muncy, Max",571970,2021,30,592,124,20.3,14,0.249,0.527,0.368,0.895,0.278,0.257,94,0.271,0.58,0.379,0.407,0.387,0.309,0.424,0.468,91.2
"Seager, Kyle",572122,2021,33,670,128,24,8.8,0.212,0.438,0.285,0.723,0.226,0.226,101,0.221,0.452,0.308,0.319,0.294,0.231,0.366,0.383,89
"Taylor, Michael A.",572191,2021,30,528,118,27.3,6.3,0.244,0.356,0.297,0.653,0.112,0.319,54,0.246,0.39,0.286,0.3,0.299,0.144,0.36,0.382,89.4
"Yastrzemski, Mike",573262,2021,30,532,105,24.6,9.6,0.224,0.457,0.311,0.768,0.233,0.254,71,0.221,0.431,0.326,0.318,0.309,0.21,0.39,0.378,89.5
"Iglesias, Jose",578428,2021,31,511,131,14.7,4.1,0.271,0.391,0.309,0.7,0.12,0.305,48,0.27,0.366,0.304,0.297,0.308,0.096,0.334,0.326,85.4
"Bryant, Kris",592178,2021,29,586,136,23,10.6,0.265,0.481,0.353,0.834,0.216,0.313,73,0.26,0.449,0.356,0.346,0.349,0.189,0.423,0.407,88.2
"Canha, Mark",592192,2021,32,625,120,20.5,12.3,0.231,0.387,0.358,0.745,0.156,0.274,61,0.231,0.378,0.333,0.332,0.358,0.147,0.344,0.343,87.3
"Castellanos, Nick",592206,2021,29,585,164,20.7,7,0.309,0.576,0.362,0.938,0.267,0.34,100,0.293,0.535,0.391,0.374,0.35,0.241,0.473,0.45,89.8
"Judge, Aaron",592450,2021,29,633,158,25,11.8,0.287,0.544,0.373,0.917,0.257,0.332,98,0.308,0.594,0.387,0.418,0.394,0.286,0.483,0.532,95.8
"Machado, Manny",592518,2021,28,640,157,15.9,9.8,0.278,0.489,0.347,0.836,0.211,0.29,106,0.291,0.526,0.35,0.376,0.363,0.235,0.385,0.421,93.1
"Realmuto, J.T.",592663,2021,30,537,125,24,8.9,0.263,0.439,0.343,0.782,0.176,0.325,73,0.253,0.416,0.336,0.329,0.335,0.164,0.404,0.393,89.6
"Renfroe, Hunter",592669,2021,29,572,135,22.7,7.7,0.259,0.501,0.315,0.816,0.242,0.284,96,0.26,0.506,0.344,0.354,0.32,0.245,0.417,0.433,90.1
"Merrifield, Whit",593160,2021,32,720,184,14.3,5.6,0.277,0.395,0.317,0.712,0.118,0.309,74,0.263,0.383,0.306,0.301,0.306,0.12,0.332,0.325,86.9
"Bogaerts, Xander",593428,2021,28,603,156,18.7,10.3,0.295,0.493,0.37,0.863,0.198,0.333,79,0.28,0.468,0.368,0.359,0.359,0.189,0.416,0.404,89.6
"Polanco, Jorge",593871,2021,27,644,158,18.3,7,0.269,0.503,0.323,0.826,0.234,0.282,98,0.267,0.488,0.349,0.348,0.323,0.22,0.4,0.398,89.4
"Sanó, Miguel",593934,2021,28,532,105,34.4,11.1,0.223,0.466,0.312,0.778,0.243,0.291,75,0.216,0.439,0.332,0.322,0.306,0.223,0.468,0.451,93.4
"Duvall, Adam",594807,2021,32,555,117,31.4,6.3,0.228,0.491,0.281,0.772,0.263,0.26,113,0.227,0.499,0.324,0.33,0.281,0.271,0.448,0.457,89.8
"Báez, Javier",595879,2021,28,547,133,33.6,5.1,0.265,0.494,0.319,0.813,0.229,0.352,87,0.237,0.45,0.344,0.321,0.295,0.213,0.498,0.46,90.1
"Lindor, Francisco",596019,2021,27,524,104,18.3,11.1,0.23,0.412,0.322,0.734,0.182,0.248,63,0.254,0.45,0.317,0.344,0.345,0.197,0.339,0.378,90.7
"Story, Trevor",596115,2021,28,595,132,23.4,8.9,0.251,0.471,0.329,0.8,0.22,0.293,75,0.245,0.45,0.341,0.335,0.325,0.205,0.405,0.397,90.6
"Candelario, Jeimer",600869,2021,27,626,151,21.6,10.4,0.271,0.443,0.351,0.794,0.172,0.333,67,0.278,0.462,0.344,0.356,0.358,0.184,0.398,0.416,88.7
"Bell, Josh",605137,2021,28,568,130,17.8,11.4,0.261,0.476,0.347,0.823,0.215,0.276,88,0.272,0.481,0.352,0.362,0.358,0.209,0.385,0.4,92.5
"Betts, Mookie",605141,2021,28,550,123,15.6,12.4,0.264,0.487,0.367,0.854,0.223,0.276,58,0.263,0.445,0.365,0.357,0.369,0.182,0.381,0.369,90.3
"Tapia, Raimel",606132,2021,27,533,133,13.1,7.5,0.273,0.372,0.327,0.699,0.099,0.306,50,0.241,0.308,0.305,0.273,0.298,0.067,0.319,0.279,85.7
"Hernández, Teoscar",606192,2021,28,595,163,24.9,6.1,0.296,0.524,0.346,0.87,0.228,0.352,116,0.284,0.537,0.369,0.37,0.336,0.252,0.47,0.472,91.8
"Turner, Trea",607208,2021,28,646,195,17,6.3,0.328,0.536,0.375,0.911,0.208,0.362,77,0.304,0.485,0.386,0.364,0.355,0.181,0.445,0.416,89.6
"Ramírez, José",608070,2021,28,636,147,13.7,11.3,0.266,0.538,0.355,0.893,0.272,0.256,103,0.283,0.508,0.372,0.376,0.373,0.226,0.393,0.399,90
"Gallo, Joey",608336,2021,27,616,99,34.6,18,0.199,0.458,0.351,0.809,0.259,0.246,77,0.199,0.46,0.348,0.352,0.352,0.261,0.473,0.481,91.5
"Swanson, Dansby",621020,2021,27,653,146,25.6,8,0.248,0.449,0.311,0.76,0.201,0.297,88,0.251,0.455,0.322,0.332,0.316,0.205,0.402,0.417,89.3
"Newman, Kevin",621028,2021,27,554,117,7.4,4.9,0.226,0.309,0.265,0.574,0.083,0.236,39,0.255,0.33,0.249,0.275,0.293,0.076,0.247,0.277,85.3
"Taylor, Chris",621035,2021,30,582,129,28.7,10.8,0.254,0.438,0.344,0.782,0.184,0.337,73,0.237,0.422,0.338,0.329,0.33,0.185,0.431,0.415,88.2
"Correa, Carlos",621043,2021,26,640,155,18.1,11.7,0.279,0.485,0.366,0.851,0.206,0.308,92,0.291,0.477,0.364,0.369,0.376,0.186,0.401,0.409,90.2
"Olson, Matt",621566,2021,27,673,153,16.8,13.1,0.271,0.54,0.371,0.911,0.269,0.269,111,0.264,0.507,0.379,0.378,0.374,0.243,0.413,0.413,91.6
"Alonso, Pete",624413,2021,26,637,147,19.9,9.4,0.262,0.519,0.344,0.863,0.257,0.274,94,0.271,0.542,0.363,0.377,0.352,0.271,0.417,0.438,91
"Frazier, Adam",624428,2021,29,639,176,10.8,7.5,0.305,0.411,0.368,0.779,0.106,0.339,43,0.288,0.376,0.341,0.324,0.353,0.088,0.347,0.327,85.4
"Soler, Jorge",624585,2021,29,602,115,23.6,11.1,0.223,0.432,0.316,0.748,0.209,0.25,70,0.25,0.494,0.323,0.359,0.341,0.244,0.373,0.429,91.2
"Cronenworth, Jake",630105,2021,27,643,151,14,8.6,0.266,0.46,0.34,0.8,0.194,0.283,71,0.276,0.443,0.341,0.344,0.351,0.166,0.361,0.365,88.6
"Meadows, Austin",640457,2021,26,591,121,20.6,10,0.234,0.458,0.315,0.773,0.224,0.249,106,0.24,0.425,0.327,0.326,0.325,0.184,0.37,0.369,89.3
"Anderson, Tim",641313,2021,28,551,163,21.6,4,0.309,0.469,0.338,0.807,0.16,0.372,61,0.278,0.442,0.345,0.324,0.308,0.164,0.426,0.399,89.6
"Crawford, J.P.",641487,2021,26,687,169,16.6,8.4,0.273,0.376,0.338,0.714,0.103,0.32,54,0.257,0.339,0.314,0.298,0.325,0.082,0.338,0.316,86.3
"Dozier, Hunter",641531,2021,29,543,105,28.4,7.9,0.216,0.394,0.285,0.679,0.178,0.276,54,0.224,0.388,0.293,0.299,0.295,0.163,0.367,0.377,89.9
"Mancini III, Trey",641820,2021,29,616,142,23.2,8.3,0.255,0.432,0.326,0.758,0.177,0.308,71,0.266,0.452,0.326,0.341,0.337,0.186,0.389,0.412,88.9
"McMahon, Ryan",641857,2021,26,596,134,24.7,9.9,0.254,0.449,0.331,0.78,0.195,0.306,86,0.243,0.425,0.334,0.325,0.323,0.182,0.404,0.39,90.5
"O'Neill, Tyler",641933,2021,26,537,138,31.3,7.1,0.286,0.56,0.352,0.912,0.274,0.366,80,0.276,0.579,0.384,0.389,0.344,0.303,0.536,0.545,93
"Rosario, Amed",642708,2021,25,588,155,20.4,5.3,0.282,0.409,0.321,0.73,0.127,0.34,57,0.267,0.368,0.315,0.3,0.31,0.101,0.373,0.352,88.8
"Adames, Willy",642715,2021,25,555,130,28.1,10.3,0.262,0.481,0.337,0.818,0.219,0.331,73,0.236,0.438,0.349,0.325,0.314,0.202,0.453,0.413,89.5
"Benintendi, Andrew",643217,2021,26,538,136,18,6.7,0.276,0.442,0.324,0.766,0.166,0.309,73,0.261,0.456,0.328,0.331,0.313,0.194,0.373,0.377,89.6
"Kiner-Falefa, Isiah",643396,2021,26,677,172,13.3,4.1,0.271,0.357,0.312,0.669,0.086,0.304,53,0.267,0.349,0.293,0.292,0.309,0.082,0.313,0.312,85.5
"Albies, Ozzie",645277,2021,24,686,163,18.7,6.9,0.259,0.488,0.31,0.798,0.229,0.278,106,0.257,0.461,0.336,0.329,0.309,0.204,0.387,0.378,89.6
"Devers, Rafael",646240,2021,24,664,165,21.5,9.3,0.279,0.538,0.352,0.89,0.259,0.307,113,0.291,0.567,0.373,0.394,0.366,0.276,0.447,0.477,92.9
"Urías, Luis",649966,2021,24,570,122,20.4,11.1,0.249,0.445,0.345,0.79,0.196,0.28,75,0.241,0.427,0.34,0.333,0.338,0.186,0.379,0.368,87.9
"Torres, Gleyber",650402,2021,24,516,119,20.2,9.7,0.259,0.366,0.331,0.697,0.107,0.314,51,0.265,0.423,0.307,0.331,0.336,0.159,0.342,0.377,87.1
"Díaz, Yandy",650490,2021,29,541,119,15.7,12.8,0.256,0.387,0.353,0.74,0.131,0.286,64,0.254,0.399,0.325,0.332,0.353,0.145,0.331,0.342,89.9
"Chapman, Matt",656305,2021,28,622,111,32.5,12.9,0.21,0.403,0.314,0.717,0.193,0.272,72,0.209,0.423,0.311,0.321,0.315,0.214,0.403,0.421,89.7
"Mullins II, Cedric",656775,2021,26,675,175,18.5,8.7,0.291,0.518,0.36,0.878,0.227,0.322,59,0.272,0.447,0.372,0.344,0.344,0.175,0.425,0.386,89.4
"Smith, Pavin",656976,2021,25,545,133,19.4,7.7,0.267,0.404,0.328,0.732,0.137,0.319,49,0.253,0.397,0.318,0.312,0.317,0.144,0.361,0.353,87.2
"Verdugo, Alex",657077,2021,25,604,157,15.9,8.4,0.289,0.426,0.351,0.777,0.137,0.327,63,0.285,0.446,0.334,0.342,0.348,0.161,0.366,0.376,90
"Moncada, Yoán",660162,2021,26,616,137,25.5,13.6,0.263,0.412,0.375,0.787,0.149,0.35,61,0.261,0.426,0.347,0.353,0.374,0.165,0.408,0.418,90.1
"Ohtani, Shohei",660271,2021,26,639,138,29.6,15,0.257,0.592,0.372,0.964,0.335,0.303,100,0.266,0.612,0.393,0.408,0.382,0.346,0.537,0.566,93.6
"Riley, Austin",663586,2021,24,662,179,25.4,7.9,0.303,0.531,0.367,0.898,0.228,0.368,107,0.281,0.511,0.379,0.366,0.348,0.231,0.482,0.461,90.1
"Mountcastle, Ryan",663624,2021,24,586,136,27.5,7,0.255,0.487,0.309,0.796,0.232,0.297,89,0.245,0.457,0.335,0.326,0.303,0.212,0.436,0.422,89.1
"Tucker, Kyle",663656,2021,24,567,149,15.9,9.3,0.294,0.557,0.359,0.916,0.263,0.304,92,0.303,0.576,0.383,0.396,0.369,0.272,0.428,0.447,91.4
"India, Jonathan",663697,2021,24,631,143,22.3,11.3,0.269,0.459,0.376,0.835,0.19,0.326,69,0.254,0.436,0.363,0.352,0.364,0.182,0.413,0.395,87.6
"Grisham, Trent",663757,2021,24,527,112,22.6,10.2,0.242,0.413,0.327,0.74,0.171,0.292,62,0.236,0.363,0.32,0.305,0.323,0.127,0.368,0.345,88.8
"Lowe, Nathaniel",663993,2021,25,642,147,25.2,12.5,0.264,0.415,0.357,0.772,0.151,0.339,72,0.236,0.401,0.337,0.323,0.333,0.165,0.403,0.381,90.8
"Happ, Ian",664023,2021,26,535,105,29.2,11.6,0.226,0.434,0.323,0.757,0.208,0.281,66,0.22,0.396,0.328,0.317,0.32,0.176,0.414,0.396,89.5
"France, Ty",664034,2021,26,650,166,16.3,7.1,0.291,0.445,0.368,0.813,0.154,0.327,73,0.27,0.435,0.353,0.346,0.353,0.165,0.379,0.37,88.5
"Lowe, Brandon",664040,2021,26,615,132,27.2,11.1,0.247,0.523,0.34,0.863,0.276,0.28,99,0.246,0.495,0.363,0.357,0.34,0.25,0.462,0.451,89.3
"Fletcher, David",664058,2021,27,665,164,9,4.7,0.262,0.324,0.297,0.621,0.062,0.287,47,0.272,0.32,0.273,0.28,0.307,0.048,0.279,0.288,82.3
"Straw, Myles",664702,2021,26,638,153,19,10.5,0.271,0.348,0.349,0.697,0.077,0.336,48,0.256,0.333,0.311,0.303,0.336,0.077,0.336,0.324,87.1
"Walsh, Jared",665120,2021,27,585,147,26,8.2,0.277,0.509,0.34,0.849,0.232,0.335,98,0.256,0.434,0.357,0.326,0.322,0.178,0.459,0.412,89.6
"Tatis Jr., Fernando",665487,2021,22,546,135,28,11.4,0.282,0.611,0.364,0.975,0.329,0.324,97,0.279,0.615,0.403,0.407,0.363,0.336,0.539,0.546,93.9
"Guerrero Jr., Vladimir",665489,2021,22,698,188,15.8,12.3,0.311,0.601,0.401,1.002,0.29,0.313,111,0.311,0.597,0.419,0.421,0.402,0.286,0.465,0.468,95.1
"Soto, Juan",665742,2021,22,654,157,14.2,22.2,0.313,0.534,0.465,0.999,0.221,0.332,95,0.305,0.545,0.42,0.429,0.463,0.241,0.433,0.447,93
"Chisholm Jr., Jazz",665862,2021,23,507,115,28.6,6.7,0.248,0.425,0.303,0.728,0.177,0.319,53,0.238,0.409,0.312,0.307,0.295,0.171,0.408,0.399,90.2
"Bichette, Bo",666182,2021,23,690,191,19.9,5.8,0.298,0.484,0.343,0.827,0.186,0.339,102,0.286,0.484,0.354,0.35,0.332,0.198,0.418,0.413,91.4
"Carlson, Dylan",666185,2021,22,619,144,24.6,9.2,0.266,0.437,0.343,0.78,0.171,0.332,65,0.247,0.407,0.336,0.322,0.328,0.159,0.404,0.383,88.2
"García, Adolis",666969,2021,28,622,141,31.2,5.1,0.243,0.454,0.286,0.74,0.211,0.306,90,0.22,0.422,0.314,0.299,0.267,0.202,0.434,0.41,91
"Gurriel Jr., Lourdes",666971,2021,27,541,138,18.9,5.9,0.276,0.466,0.319,0.785,0.19,0.305,84,0.272,0.462,0.333,0.339,0.319,0.19,0.387,0.396,89.7
"Arozarena, Randy",668227,2021,26,604,145,28.1,9.3,0.274,0.459,0.356,0.815,0.185,0.363,69,0.217,0.364,0.35,0.3,0.309,0.147,0.45,0.369,89.9
"Reynolds, Bryan",668804,2021,26,646,169,18.4,11.6,0.302,0.522,0.39,0.912,0.22,0.345,90,0.294,0.523,0.385,0.386,0.384,0.229,0.437,0.438,89.4
"Rojas, Josh",668942,2021,27,550,128,24.9,10.5,0.264,0.411,0.341,0.752,0.147,0.345,44,0.232,0.352,0.327,0.295,0.313,0.12,0.396,0.347,88.2
"Edman, Tommy",669242,2021,26,691,168,13.7,5.5,0.262,0.387,0.308,0.695,0.125,0.291,56,0.274,0.401,0.301,0.316,0.32,0.127,0.322,0.341,87.5
"Solak, Nick",669256,2021,26,511,111,20.9,6.7,0.242,0.362,0.314,0.676,0.12,0.292,49,0.238,0.361,0.299,0.299,0.31,0.124,0.334,0.335,86.9
"Hays, Austin",669720,2021,25,529,125,20.2,5.3,0.256,0.461,0.308,0.769,0.205,0.286,71,0.245,0.432,0.328,0.316,0.298,0.187,0.384,0.368,88.8
"Lopez, Nicky",670032,2021,26,565,149,13.1,8.7,0.3,0.378,0.365,0.743,0.078,0.347,43,0.239,0.305,0.329,0.283,0.313,0.065,0.34,0.281,86.8
"Alvarez, Yordan",670541,2021,24,598,149,24.2,8.4,0.277,0.531,0.346,0.877,0.254,0.32,104,0.275,0.565,0.369,0.386,0.347,0.29,0.46,0.484,93.2
"Cruz Jr., Nelson",443558,2022,41,507,105,23.5,9.7,0.234,0.337,0.313,0.65,0.103,0.295,64,0.241,0.399,0.292,0.32,0.323,0.157,0.334,0.377,90.9
"Blackmon, Charlie",453568,2022,35,577,140,18.9,5.5,0.264,0.419,0.314,0.733,0.155,0.304,78,0.256,0.376,0.317,0.301,0.308,0.12,0.366,0.345,86.2
"McCutchen, Andrew",457705,2022,35,580,122,21.4,9.8,0.237,0.384,0.316,0.7,0.147,0.278,69,0.248,0.402,0.309,0.322,0.326,0.154,0.348,0.367,89.1
"Turner, Justin",457759,2022,37,532,130,16.7,9.4,0.278,0.438,0.35,0.788,0.16,0.313,81,0.267,0.427,0.343,0.339,0.343,0.16,0.372,0.367,89.5
"Andrus, Elvis",462101,2022,33,577,133,15.9,6.8,0.249,0.404,0.303,0.707,0.155,0.272,58,0.245,0.36,0.31,0.293,0.3,0.114,0.338,0.316,87.9
"Santana, Carlos",467793,2022,36,506,87,17.4,14,0.202,0.376,0.316,0.692,0.174,0.209,60,0.253,0.438,0.308,0.352,0.361,0.185,0.308,0.372,90.7
"Gurriel Jr., Yuli",493329,2022,38,584,132,12.5,5.1,0.242,0.36,0.288,0.648,0.118,0.266,53,0.24,0.319,0.285,0.271,0.286,0.079,0.297,0.28,88.2
"Rojas, Miguel",500743,2022,33,507,111,12,5.1,0.236,0.323,0.283,0.606,0.087,0.258,36,0.26,0.343,0.268,0.289,0.306,0.083,0.276,0.301,86.1
"Escobar, Eduardo",500871,2022,33,542,119,23.8,7.4,0.24,0.43,0.295,0.725,0.19,0.281,69,0.243,0.427,0.311,0.314,0.3,0.183,0.381,0.385,88.3
"Pham, Tommy",502054,2022,34,622,131,26.8,9,0.236,0.374,0.312,0.686,0.138,0.304,63,0.238,0.383,0.304,0.311,0.315,0.145,0.371,0.383,92.2
"Martinez, J.D.",502110,2022,34,596,146,24.3,8.7,0.274,0.448,0.341,0.789,0.174,0.345,62,0.26,0.471,0.343,0.349,0.33,0.211,0.42,0.429,89.1
"Goldschmidt, Paul",502671,2022,34,651,178,21.7,12.1,0.317,0.578,0.404,0.982,0.261,0.368,115,0.261,0.482,0.419,0.367,0.357,0.221,0.506,0.426,90.8
"Altuve, Jose",514888,2022,32,604,158,14.4,10.9,0.3,0.533,0.387,0.92,0.233,0.315,57,0.269,0.44,0.397,0.354,0.362,0.171,0.425,0.367,85.9
"Hernández, César",514917,2022,32,617,139,18.5,7.3,0.248,0.318,0.311,0.629,0.07,0.309,34,0.248,0.329,0.283,0.29,0.312,0.081,0.307,0.317,84.8
"Marte, Starling",516782,2022,33,505,136,19.2,5.1,0.292,0.468,0.347,0.815,0.176,0.34,63,0.276,0.428,0.355,0.336,0.332,0.153,0.412,0.386,86.8
"Donaldson, Josh",518626,2022,36,546,106,27.1,9.9,0.222,0.374,0.308,0.682,0.152,0.283,62,0.215,0.37,0.302,0.299,0.303,0.154,0.363,0.36,90.7
"Freeman, Freddie",518692,2022,32,708,199,14.4,11.9,0.325,0.511,0.407,0.918,0.186,0.359,100,0.31,0.535,0.393,0.4,0.398,0.225,0.426,0.436,91.3
"LeMahieu, DJ",518934,2022,33,541,122,13.1,12.4,0.261,0.377,0.357,0.734,0.116,0.285,46,0.274,0.403,0.329,0.344,0.369,0.13,0.324,0.344,89.2
"Rizzo, Anthony",519203,2022,32,548,104,18.4,10.6,0.224,0.48,0.338,0.818,0.256,0.216,75,0.238,0.453,0.352,0.349,0.35,0.215,0.379,0.374,89.4
"Flores, Wilmer",527038,2022,30,602,120,17.1,9.8,0.229,0.394,0.316,0.71,0.165,0.246,71,0.233,0.37,0.312,0.31,0.322,0.137,0.326,0.323,87.8
"Ozuna, Marcell",542303,2022,31,507,106,24.1,6.1,0.226,0.413,0.274,0.687,0.187,0.252,56,0.253,0.475,0.298,0.334,0.3,0.222,0.364,0.417,89.4
"Aguilar, Jesús",542583,2022,32,507,109,23.5,5.5,0.235,0.379,0.281,0.66,0.144,0.278,51,0.24,0.393,0.288,0.298,0.288,0.153,0.35,0.364,87.7
"Cron, C.J.",543068,2022,32,632,148,25.9,6.8,0.257,0.468,0.315,0.783,0.211,0.307,102,0.243,0.435,0.335,0.32,0.305,0.192,0.428,0.406,88.7
"Semien, Marcus",543760,2022,31,724,163,16.6,7.3,0.248,0.429,0.304,0.733,0.181,0.263,83,0.243,0.394,0.317,0.306,0.301,0.151,0.348,0.333,87.3
"Springer III, George",543807,2022,32,583,137,17.2,9.3,0.267,0.472,0.342,0.814,0.205,0.285,76,0.265,0.437,0.352,0.342,0.342,0.172,0.387,0.374,88.7
"Grichuk, Randal",545341,2022,30,538,131,23.6,4.5,0.259,0.425,0.299,0.724,0.166,0.309,73,0.229,0.37,0.315,0.281,0.271,0.141,0.39,0.343,90
"Abreu, José",547989,2022,35,679,183,16.2,9.1,0.304,0.446,0.378,0.824,0.142,0.35,75,0.296,0.486,0.361,0.373,0.372,0.19,0.393,0.41,92.2
"Suárez, Eugenio",553993,2022,30,629,128,31.2,11.6,0.236,0.459,0.332,0.791,0.223,0.302,87,0.22,0.454,0.344,0.339,0.321,0.234,0.456,0.446,89.8
"Urshela, Gio",570482,2022,30,551,143,17.4,7.4,0.285,0.429,0.338,0.767,0.144,0.326,64,0.268,0.416,0.332,0.323,0.324,0.148,0.374,0.362,88.9
"Schoop, Jonathan",570731,2022,30,510,97,21,3.7,0.202,0.322,0.239,0.561,0.12,0.234,38,0.228,0.338,0.245,0.268,0.267,0.111,0.286,0.318,87
"Arenado, Nolan",571448,2022,31,620,163,11.6,8.4,0.293,0.533,0.358,0.891,0.24,0.29,103,0.266,0.445,0.381,0.339,0.335,0.18,0.401,0.349,88.8
"Farmer, Kyle",571657,2022,31,583,134,17,5.7,0.255,0.386,0.315,0.701,0.131,0.286,78,0.258,0.38,0.309,0.311,0.32,0.122,0.335,0.339,85.5
"Muncy, Max",571970,2022,31,565,91,25,15.9,0.196,0.384,0.329,0.713,0.188,0.227,69,0.208,0.417,0.318,0.339,0.342,0.209,0.348,0.383,90.3
"Pollock, AJ",572041,2022,34,527,120,18.6,6.1,0.245,0.389,0.292,0.681,0.144,0.278,56,0.258,0.419,0.297,0.317,0.305,0.161,0.337,0.364,88.8
"Voit III, Luke",572228,2022,31,568,113,31.5,9.7,0.226,0.402,0.308,0.71,0.176,0.298,69,0.222,0.434,0.311,0.322,0.306,0.212,0.411,0.43,89.8
"Walker, Christian",572233,2022,31,667,141,19.6,10.3,0.242,0.477,0.327,0.804,0.235,0.248,94,0.257,0.484,0.346,0.359,0.343,0.227,0.388,0.407,90
"Yastrzemski, Mike",573262,2022,31,558,104,25.3,10.9,0.214,0.392,0.305,0.697,0.178,0.261,57,0.22,0.392,0.307,0.314,0.313,0.172,0.358,0.369,89.9
"Canha, Mark",592192,2022,33,542,123,17.9,8.9,0.266,0.403,0.367,0.77,0.137,0.309,61,0.245,0.362,0.343,0.323,0.351,0.117,0.361,0.332,87.7
"Castellanos, Nick",592206,2022,30,558,138,23.3,5.2,0.263,0.389,0.305,0.694,0.126,0.326,62,0.25,0.395,0.304,0.302,0.293,0.145,0.373,0.37,87.5
"Drury, Brandon",592273,2022,29,568,136,22.2,6.7,0.263,0.492,0.32,0.812,0.229,0.293,87,0.242,0.42,0.35,0.316,0.303,0.179,0.421,0.373,89.1
"Judge, Aaron",592450,2022,30,696,177,25.1,15.9,0.311,0.686,0.425,1.111,0.375,0.34,131,0.305,0.706,0.458,0.463,0.422,0.401,0.602,0.611,95.9
"Machado, Manny",592518,2022,29,644,172,20.7,9.8,0.298,0.531,0.366,0.897,0.233,0.337,102,0.264,0.447,0.382,0.338,0.338,0.183,0.458,0.396,91.5
"Realmuto, J.T.",592663,2022,31,562,139,21.2,7.3,0.276,0.478,0.342,0.82,0.202,0.318,84,0.275,0.463,0.354,0.351,0.342,0.188,0.416,0.412,90.3
"Renfroe, Hunter",592669,2022,30,522,121,23.2,7.5,0.255,0.492,0.315,0.807,0.237,0.281,72,0.24,0.438,0.347,0.323,0.303,0.199,0.424,0.39,90.5
"Yelich, Christian",592885,2022,30,671,145,24.1,13.1,0.252,0.383,0.355,0.738,0.131,0.327,57,0.253,0.397,0.328,0.335,0.356,0.144,0.379,0.39,91.5
"Merrifield, Whit",593160,2022,33,550,126,15.5,6.9,0.25,0.375,0.298,0.673,0.125,0.276,58,0.24,0.356,0.294,0.288,0.292,0.116,0.318,0.31,87.1
"Bogaerts, Xander",593428,2022,29,631,171,18.7,9,0.307,0.456,0.377,0.833,0.149,0.362,73,0.259,0.383,0.363,0.323,0.338,0.124,0.411,0.354,88.1
"Profar, Jurickson",595777,2022,29,658,140,15.7,11.1,0.243,0.391,0.331,0.722,0.148,0.272,58,0.251,0.359,0.32,0.315,0.34,0.108,0.33,0.323,87.5
"Báez, Javier",595879,2022,29,590,132,24.9,4.4,0.238,0.393,0.278,0.671,0.155,0.292,67,0.226,0.374,0.291,0.281,0.268,0.148,0.365,0.351,87.9
"Lindor, Francisco",596019,2022,28,706,170,18.8,8.4,0.27,0.449,0.339,0.788,0.179,0.301,107,0.254,0.427,0.342,0.331,0.326,0.173,0.385,0.37,89.3
"Bell, Josh",605137,2022,29,647,147,15.8,12.5,0.266,0.422,0.362,0.784,0.156,0.296,71,0.268,0.419,0.344,0.346,0.365,0.151,0.358,0.361,88.9
"Betts, Mookie",605141,2022,29,639,154,16.3,8.6,0.269,0.533,0.34,0.873,0.264,0.272,82,0.254,0.465,0.373,0.344,0.327,0.211,0.413,0.373,90.5
"Hernández, Teoscar",606192,2022,29,535,133,28.4,6.4,0.267,0.491,0.316,0.807,0.224,0.335,77,0.265,0.501,0.348,0.351,0.314,0.236,0.465,0.47,92.6
"Marte, Ketel",606466,2022,28,558,118,18.1,9.9,0.24,0.407,0.321,0.728,0.167,0.276,52,0.251,0.377,0.317,0.315,0.333,0.126,0.343,0.341,90.1
"Nimmo, Brandon",607043,2022,29,673,159,17.2,10.5,0.274,0.433,0.367,0.8,0.159,0.317,64,0.256,0.403,0.353,0.338,0.353,0.147,0.377,0.355,89.4
"Turner, Trea",607208,2022,29,708,194,18.5,6.4,0.298,0.466,0.343,0.809,0.168,0.342,100,0.276,0.432,0.35,0.335,0.327,0.156,0.406,0.387,88.9
"Ramírez, José",608070,2022,29,685,168,12,10.1,0.28,0.514,0.355,0.869,0.234,0.279,126,0.255,0.408,0.363,0.32,0.337,0.153,0.385,0.331,87.7
"Bregman, Alex",608324,2022,28,656,142,11.7,13.3,0.259,0.454,0.366,0.82,0.195,0.26,93,0.257,0.416,0.358,0.35,0.369,0.159,0.348,0.337,88.9
"Seager, Corey",608369,2022,28,663,145,15.5,8.7,0.245,0.455,0.317,0.772,0.21,0.242,83,0.28,0.507,0.331,0.37,0.351,0.226,0.358,0.409,91.1
"Winker, Jesse",608385,2022,28,547,100,18.8,15.4,0.219,0.344,0.344,0.688,0.125,0.251,53,0.249,0.403,0.313,0.345,0.369,0.154,0.311,0.361,87.7
"Swanson, Dansby",621020,2022,28,696,177,26.1,7,0.277,0.447,0.329,0.776,0.17,0.348,96,0.257,0.461,0.337,0.337,0.314,0.204,0.431,0.43,90.2
"Correa, Carlos",621043,2022,27,590,152,20.5,10.3,0.291,0.467,0.366,0.833,0.176,0.339,64,0.272,0.48,0.362,0.36,0.35,0.208,0.42,0.418,89.9
"Ward, Taylor",621493,2022,28,564,139,21.3,10.6,0.281,0.473,0.36,0.833,0.192,0.325,65,0.268,0.474,0.362,0.361,0.352,0.206,0.421,0.42,90
"Wisdom, Patrick",621550,2022,30,534,97,34.3,9.9,0.207,0.426,0.298,0.724,0.219,0.274,66,0.188,0.38,0.316,0.295,0.284,0.191,0.438,0.399,90.7
"Olson, Matt",621566,2022,28,699,148,24.3,10.7,0.24,0.477,0.325,0.802,0.237,0.274,103,0.248,0.467,0.344,0.347,0.334,0.219,0.417,0.422,92.9
"Mateo, Jorge",622761,2022,27,533,109,27.6,5.1,0.221,0.379,0.267,0.646,0.158,0.286,50,0.222,0.344,0.281,0.272,0.269,0.122,0.362,0.348,86.8
"Santander, Anthony",623993,2022,27,647,138,18.9,8.5,0.24,0.455,0.318,0.773,0.215,0.248,89,0.257,0.471,0.336,0.352,0.335,0.214,0.373,0.395,90.1
"Alonso, Pete",624413,2022,27,685,162,18.7,9.8,0.271,0.518,0.352,0.87,0.247,0.279,131,0.262,0.486,0.366,0.353,0.345,0.225,0.42,0.403,89.8
"Frazier, Adam",624428,2022,30,602,129,12.1,7.6,0.238,0.311,0.301,0.612,0.073,0.268,42,0.262,0.339,0.274,0.297,0.324,0.077,0.272,0.302,85.1
"Cronenworth, Jake",630105,2022,28,684,140,19.2,10.2,0.239,0.39,0.332,0.722,0.151,0.275,88,0.221,0.356,0.318,0.303,0.319,0.135,0.341,0.318,87.6
"Bellinger, Cody",641355,2022,26,550,106,27.3,6.9,0.21,0.389,0.265,0.654,0.179,0.255,68,0.213,0.354,0.284,0.278,0.271,0.141,0.357,0.348,89.4
"Crawford, J.P.",641487,2022,27,603,126,13.3,11.3,0.243,0.336,0.339,0.675,0.093,0.275,42,0.255,0.337,0.306,0.315,0.353,0.081,0.293,0.306,85.1
"Mancini III, Trey",641820,2022,30,587,124,23,9,0.239,0.391,0.319,0.71,0.152,0.286,63,0.245,0.41,0.312,0.327,0.328,0.165,0.361,0.383,89.5
"McMahon, Ryan",641857,2022,27,597,130,26.5,10.1,0.246,0.414,0.327,0.741,0.168,0.311,67,0.247,0.423,0.326,0.33,0.329,0.175,0.4,0.407,91.7
"Tellez, Rowdy",642133,2022,27,599,116,20.2,10.4,0.219,0.461,0.306,0.767,0.242,0.215,89,0.252,0.479,0.327,0.349,0.337,0.226,0.372,0.404,91.1
"Rosario, Amed",642708,2022,26,670,180,16.6,3.7,0.283,0.403,0.312,0.715,0.12,0.326,71,0.276,0.396,0.311,0.31,0.308,0.12,0.356,0.354,88.4
"Adames, Willy",642715,2022,26,617,134,26.9,7.9,0.238,0.458,0.298,0.756,0.22,0.278,98,0.238,0.451,0.325,0.323,0.299,0.213,0.416,0.414,88.9
"Estrada, Thairo",642731,2022,26,541,127,16.5,6.1,0.26,0.4,0.322,0.722,0.14,0.29,62,0.246,0.352,0.317,0.299,0.312,0.107,0.343,0.319,86.2
"Benintendi, Andrew",643217,2022,27,521,140,14.8,10,0.304,0.399,0.373,0.772,0.095,0.352,51,0.273,0.407,0.342,0.334,0.347,0.134,0.361,0.351,89.2
"Kemp, Tony",643393,2022,30,558,117,12.4,8.1,0.235,0.334,0.307,0.641,0.099,0.259,46,0.219,0.291,0.287,0.267,0.294,0.072,0.284,0.257,84.4
"Kiner-Falefa, Isiah",643396,2022,27,531,126,13.6,6.6,0.261,0.327,0.314,0.641,0.066,0.296,48,0.262,0.333,0.285,0.29,0.317,0.071,0.297,0.304,86.2
"McNeil, Jeff",643446,2022,30,589,174,10.4,6.8,0.326,0.454,0.382,0.836,0.128,0.353,62,0.28,0.389,0.365,0.323,0.341,0.109,0.377,0.325,86.9
"Devers, Rafael",646240,2022,25,614,164,18.6,8.1,0.295,0.521,0.358,0.879,0.226,0.329,88,0.282,0.497,0.373,0.361,0.348,0.215,0.436,0.42,93.1
"Arraez, Luis",650333,2022,25,603,173,7.1,8.3,0.316,0.42,0.375,0.795,0.104,0.331,49,0.288,0.408,0.35,0.333,0.35,0.121,0.345,0.326,88.9
"Torres, Gleyber",650402,2022,25,572,135,22.6,6.8,0.257,0.451,0.31,0.761,0.194,0.295,76,0.244,0.441,0.328,0.319,0.298,0.198,0.398,0.385,90.4
"Díaz, Yandy",650490,2022,30,558,140,10.8,14,0.296,0.423,0.401,0.824,0.127,0.323,57,0.288,0.424,0.366,0.365,0.395,0.137,0.355,0.353,92.2
"Rengifo, Luis",650859,2022,25,511,129,15.5,3.3,0.264,0.429,0.294,0.723,0.165,0.285,52,0.254,0.392,0.314,0.296,0.285,0.138,0.355,0.333,86.9
"Chapman, Matt",656305,2022,29,621,123,27.4,11,0.229,0.433,0.324,0.757,0.204,0.277,76,0.234,0.44,0.331,0.341,0.331,0.206,0.407,0.425,92.2
"Hoskins, Rhys",656555,2022,29,672,145,25.1,10.7,0.246,0.462,0.332,0.794,0.216,0.292,79,0.239,0.445,0.345,0.338,0.327,0.207,0.419,0.408,90.1
"Mullins II, Cedric",656775,2022,27,672,157,18.8,7,0.258,0.403,0.318,0.721,0.145,0.299,64,0.232,0.349,0.315,0.288,0.297,0.117,0.355,0.318,88.8
"Schwarber, Kyle",656941,2022,29,669,126,29.9,12.9,0.218,0.504,0.323,0.827,0.286,0.24,94,0.237,0.535,0.355,0.375,0.341,0.297,0.465,0.501,93.3
"Thomas, Lane",657041,2022,26,548,120,24.1,7.5,0.241,0.404,0.301,0.705,0.163,0.291,52,0.222,0.357,0.308,0.286,0.286,0.135,0.371,0.339,86.4
"Verdugo, Alex",657077,2022,26,644,166,13.4,6.5,0.28,0.405,0.328,0.733,0.125,0.309,74,0.278,0.428,0.319,0.329,0.327,0.151,0.342,0.353,89.1
"Ohtani, Shohei",660271,2022,27,666,160,24.2,10.8,0.273,0.519,0.356,0.875,0.246,0.32,95,0.275,0.549,0.37,0.383,0.358,0.274,0.461,0.481,92.9
"Acuña Jr., Ronald",660670,2022,24,533,124,23.6,9.9,0.266,0.413,0.351,0.764,0.147,0.331,50,0.272,0.486,0.335,0.366,0.358,0.214,0.397,0.444,91.2
"Varsho, Daulton",662139,2022,25,592,125,24.5,7.8,0.235,0.443,0.302,0.745,0.208,0.269,74,0.213,0.389,0.323,0.298,0.285,0.175,0.392,0.355,87.7
"Hoerner, Nico",663538,2022,25,517,135,11,5.4,0.281,0.41,0.327,0.737,0.129,0.3,55,0.27,0.367,0.32,0.301,0.318,0.097,0.336,0.314,87.2
"Riley, Austin",663586,2022,25,693,168,24.2,8.2,0.273,0.528,0.349,0.877,0.255,0.315,93,0.271,0.531,0.377,0.378,0.349,0.26,0.465,0.468,92.5
"Mountcastle, Ryan",663624,2022,25,609,139,25.3,7.1,0.25,0.423,0.305,0.728,0.173,0.303,85,0.277,0.509,0.316,0.362,0.332,0.232,0.393,0.463,91.3
"Hayes, Ke'Bryan",663647,2022,25,560,123,21.8,8.6,0.244,0.345,0.314,0.659,0.101,0.307,41,0.246,0.35,0.294,0.3,0.318,0.104,0.333,0.341,91
"Tucker, Kyle",663656,2022,25,609,140,15.6,9.7,0.257,0.478,0.33,0.808,0.221,0.261,107,0.262,0.482,0.348,0.353,0.336,0.22,0.378,0.386,90
"Grisham, Trent",663757,2022,25,524,83,28.6,10.9,0.184,0.341,0.284,0.625,0.157,0.231,53,0.201,0.354,0.28,0.293,0.3,0.153,0.333,0.356,88.3
"Rodgers, Brendan",663898,2022,25,581,140,17.4,7.9,0.266,0.408,0.325,0.733,0.142,0.304,63,0.265,0.404,0.321,0.326,0.33,0.139,0.354,0.361,90
"Lowe, Nathaniel",663993,2022,26,645,179,22.8,7.4,0.302,0.492,0.358,0.85,0.19,0.363,76,0.275,0.459,0.368,0.344,0.333,0.184,0.453,0.419,90.2
"Happ, Ian",664023,2022,27,641,155,23.2,9,0.271,0.44,0.342,0.782,0.169,0.336,72,0.239,0.379,0.339,0.306,0.315,0.14,0.408,0.359,89.7
"France, Ty",664034,2022,27,613,151,15.3,5.7,0.274,0.436,0.338,0.774,0.162,0.296,83,0.262,0.397,0.337,0.321,0.33,0.135,0.364,0.342,87.6
"Straw, Myles",664702,2022,27,596,118,14.6,9.1,0.221,0.273,0.291,0.564,0.052,0.261,32,0.236,0.301,0.257,0.275,0.306,0.065,0.254,0.278,87
"Bohm, Alec",664761,2022,25,631,164,17.4,4.9,0.28,0.398,0.315,0.713,0.118,0.319,72,0.29,0.436,0.31,0.333,0.327,0.146,0.353,0.383,90.2
"Brown, Seth",664913,2022,29,555,115,26.3,9.2,0.23,0.444,0.305,0.749,0.214,0.273,73,0.251,0.454,0.323,0.338,0.324,0.203,0.404,0.426,89.2
"Peña, Jeremy",665161,2022,24,558,132,24.2,3.9,0.253,0.426,0.289,0.715,0.173,0.298,63,0.252,0.402,0.309,0.304,0.289,0.15,0.388,0.381,88.1
"Guerrero Jr., Vladimir",665489,2022,23,706,175,16.4,8.2,0.274,0.48,0.339,0.819,0.206,0.289,97,0.281,0.464,0.351,0.351,0.345,0.183,0.391,0.391,92.8
"Soto, Juan",665742,2022,23,664,127,14.5,20.3,0.242,0.452,0.401,0.853,0.21,0.249,62,0.266,0.501,0.376,0.401,0.42,0.235,0.363,0.402,91
"Giménez, Andrés",665926,2022,23,557,146,20.1,6.1,0.297,0.466,0.371,0.837,0.169,0.353,69,0.257,0.4,0.364,0.326,0.336,0.143,0.422,0.368,87.8
"Bichette, Bo",666182,2022,24,697,189,22.2,5.9,0.29,0.469,0.333,0.802,0.179,0.347,93,0.274,0.44,0.347,0.33,0.318,0.166,0.426,0.403,91.9
"García, Adolis",666969,2022,29,657,151,27.9,6.1,0.25,0.456,0.3,0.756,0.206,0.309,101,0.244,0.447,0.324,0.322,0.296,0.204,0.425,0.422,92.1
"Arozarena, Randy",668227,2022,27,645,154,24.2,7.1,0.263,0.445,0.327,0.772,0.182,0.325,89,0.23,0.377,0.336,0.297,0.297,0.147,0.411,0.354,89.9
"Reynolds, Bryan",668804,2022,27,614,142,23,9.1,0.262,0.461,0.345,0.806,0.199,0.306,62,0.249,0.416,0.349,0.329,0.334,0.167,0.416,0.385,90.2
"Rojas, Josh",668942,2022,28,510,119,19.2,10.8,0.269,0.391,0.349,0.74,0.122,0.323,56,0.239,0.361,0.326,0.305,0.324,0.123,0.36,0.33,88.8
"Melendez Jr., MJ",669004,2022,23,534,100,24.5,12.4,0.217,0.393,0.313,0.706,0.176,0.258,62,0.237,0.41,0.31,0.332,0.334,0.173,0.357,0.392,90.7
"Murphy, Sean",669221,2022,27,612,134,20.3,9.2,0.25,0.426,0.332,0.758,0.176,0.29,66,0.255,0.439,0.331,0.344,0.34,0.184,0.371,0.39,88.7
"Edman, Tommy",669242,2022,27,630,153,17.6,7.3,0.265,0.4,0.324,0.724,0.135,0.308,57,0.258,0.38,0.318,0.308,0.318,0.122,0.354,0.341,88.6
"Smith, Will",669257,2022,27,578,132,16.6,9.7,0.26,0.465,0.343,0.808,0.205,0.276,87,0.255,0.47,0.349,0.349,0.339,0.216,0.378,0.379,89.9
"Hays, Austin",669720,2022,26,582,134,19.6,5.8,0.25,0.413,0.306,0.719,0.163,0.289,60,0.24,0.372,0.314,0.298,0.298,0.132,0.359,0.337,87.7
"Alvarez, Yordan",670541,2022,25,561,144,18.9,13.9,0.306,0.613,0.406,1.019,0.307,0.32,97,0.326,0.669,0.427,0.46,0.427,0.343,0.495,0.544,95.2
"Kirk, Alejandro",672386,2022,23,541,134,10.7,11.6,0.285,0.415,0.372,0.787,0.13,0.299,63,0.278,0.431,0.347,0.351,0.367,0.153,0.342,0.347,90.5
"Kim, Ha-Seong",673490,2022,26,582,130,17.2,8.8,0.251,0.383,0.325,0.708,0.132,0.29,59,0.25,0.368,0.313,0.309,0.324,0.119,0.335,0.33,86.7
"Rodríguez, Julio",677594,2022,21,560,145,25.9,7.1,0.284,0.509,0.345,0.854,0.225,0.345,75,0.254,0.46,0.366,0.337,0.319,0.206,0.471,0.428,92
"Witt Jr., Bobby",677951,2022,22,632,150,21.4,4.7,0.254,0.428,0.294,0.722,0.174,0.295,80,0.252,0.427,0.311,0.313,0.294,0.174,0.374,0.377,89.7
"Kwan, Steven",680757,2022,24,638,168,9.4,9.7,0.298,0.4,0.373,0.773,0.102,0.323,52,0.268,0.341,0.341,0.312,0.348,0.073,0.335,0.298,85.1
"Vaughn, Andrew",683734,2022,24,555,138,17.3,5.6,0.271,0.429,0.321,0.75,0.158,0.301,76,0.255,0.415,0.327,0.319,0.311,0.16,0.366,0.357,90.8
"Turner, Justin",457759,2023,38,626,154,17.6,8.1,0.276,0.455,0.345,0.8,0.179,0.304,96,0.26,0.444,0.346,0.336,0.331,0.184,0.381,0.367,89.5
"Santana, Carlos",467793,2023,37,619,132,16.8,10.5,0.24,0.429,0.318,0.747,0.189,0.255,86,0.24,0.378,0.323,0.308,0.319,0.138,0.344,0.323,88.8
"Goldschmidt, Paul",502671,2023,35,687,159,23.4,12.7,0.268,0.447,0.363,0.81,0.179,0.327,80,0.27,0.49,0.35,0.367,0.366,0.22,0.413,0.44,91.3
"Freeman, Freddie",518692,2023,33,730,211,16.6,9.9,0.331,0.567,0.41,0.977,0.236,0.37,102,0.32,0.562,0.411,0.406,0.401,0.242,0.463,0.457,90
"LeMahieu, DJ",518934,2023,34,562,121,22.2,10.7,0.243,0.39,0.327,0.717,0.147,0.295,44,0.255,0.393,0.315,0.322,0.339,0.138,0.357,0.369,89.6
"Perez, Salvador",521692,2023,33,580,137,23.3,3.3,0.255,0.422,0.292,0.714,0.167,0.294,80,0.266,0.46,0.302,0.325,0.306,0.194,0.375,0.407,90.1
"Ozuna, Marcell",542303,2023,32,592,145,22.6,9.6,0.274,0.558,0.346,0.904,0.284,0.293,100,0.28,0.577,0.381,0.393,0.353,0.298,0.462,0.481,91.8
"Semien, Marcus",543760,2023,32,753,185,14.6,9.6,0.276,0.478,0.348,0.826,0.202,0.291,100,0.262,0.427,0.354,0.333,0.337,0.165,0.377,0.349,88.4
"Springer III, George",543807,2023,33,683,158,18.3,8.8,0.258,0.405,0.327,0.732,0.147,0.291,72,0.264,0.422,0.32,0.332,0.335,0.158,0.352,0.369,88.3
"Harper, Bryce",547180,2023,30,546,134,21.8,14.7,0.293,0.499,0.401,0.9,0.206,0.352,72,0.29,0.53,0.384,0.399,0.403,0.24,0.447,0.47,91.8
"Abreu, José",547989,2023,36,594,128,21.9,7.1,0.237,0.383,0.296,0.679,0.146,0.276,90,0.248,0.409,0.295,0.314,0.311,0.161,0.342,0.369,89
"Díaz, Elias",553869,2023,32,526,130,22.4,6.5,0.267,0.409,0.316,0.725,0.142,0.324,72,0.245,0.376,0.314,0.296,0.297,0.131,0.377,0.351,88.1
"Suárez, Eugenio",553993,2023,31,694,139,30.8,10.1,0.232,0.391,0.323,0.714,0.159,0.314,96,0.223,0.419,0.313,0.324,0.318,0.196,0.4,0.418,90.3
"Arenado, Nolan",571448,2023,32,612,149,16.5,6.7,0.266,0.459,0.315,0.774,0.193,0.279,93,0.266,0.435,0.327,0.32,0.316,0.17,0.367,0.358,88.8
"Hernández, Enrique",571771,2023,31,508,110,19.1,6.7,0.237,0.357,0.289,0.646,0.12,0.273,61,0.224,0.337,0.282,0.272,0.28,0.113,0.315,0.302,87.8
"Muncy, Max",571970,2023,32,579,102,26.4,14.7,0.212,0.475,0.333,0.808,0.263,0.221,105,0.235,0.504,0.344,0.364,0.353,0.269,0.41,0.443,91.2
"Walker, Christian",572233,2023,32,661,150,19.2,9.4,0.258,0.497,0.333,0.83,0.239,0.272,103,0.251,0.46,0.351,0.339,0.329,0.21,0.397,0.38,88
"Canha, Mark",592192,2023,34,507,114,15.6,9.7,0.262,0.4,0.355,0.755,0.138,0.293,62,0.248,0.381,0.333,0.323,0.345,0.133,0.339,0.326,87.9
"Castellanos, Nick",592206,2023,31,671,170,27.6,5.4,0.272,0.476,0.311,0.787,0.204,0.337,106,0.258,0.443,0.335,0.32,0.301,0.185,0.441,0.42,88.9
"Drury, Brandon",592273,2023,30,523,127,26,4.8,0.262,0.497,0.306,0.803,0.235,0.308,83,0.252,0.44,0.339,0.318,0.299,0.188,0.435,0.405,89.9
"Machado, Manny",592518,2023,30,601,140,18.1,8.3,0.258,0.462,0.319,0.781,0.204,0.268,91,0.254,0.458,0.334,0.332,0.318,0.204,0.375,0.372,91
"Realmuto, J.T.",592663,2023,32,540,123,25.6,6.5,0.252,0.452,0.31,0.762,0.2,0.307,63,0.254,0.462,0.324,0.334,0.315,0.208,0.406,0.421,89.8
"Renfroe, Hunter",592669,2023,31,548,116,22.8,8,0.233,0.416,0.297,0.713,0.183,0.27,60,0.225,0.366,0.308,0.289,0.291,0.141,0.362,0.334,88.3
"Rosario, Eddie",592696,2023,31,516,122,23.6,6.6,0.255,0.45,0.305,0.755,0.195,0.3,74,0.254,0.436,0.322,0.317,0.304,0.181,0.397,0.389,88.6
"Yelich, Christian",592885,2023,31,632,153,22.2,12.3,0.278,0.447,0.37,0.817,0.169,0.342,76,0.279,0.454,0.353,0.358,0.372,0.175,0.412,0.419,91.7
"Merrifield, Whit",593160,2023,34,592,149,17.1,6.1,0.272,0.382,0.318,0.7,0.11,0.313,67,0.242,0.335,0.304,0.276,0.291,0.093,0.34,0.304,85.1
"Bogaerts, Xander",593428,2023,30,665,170,16.5,8.4,0.285,0.44,0.35,0.79,0.155,0.319,58,0.255,0.401,0.343,0.318,0.325,0.146,0.374,0.341,87.6
"Profar, Jurickson",595777,2023,30,521,111,17.3,9.6,0.242,0.368,0.321,0.689,0.126,0.279,46,0.247,0.349,0.304,0.306,0.329,0.102,0.319,0.32,86.5
"Báez, Javier",595879,2023,30,547,113,22.9,4.4,0.222,0.325,0.267,0.592,0.103,0.274,59,0.234,0.355,0.261,0.279,0.28,0.121,0.307,0.334,88
"Lindor, Francisco",596019,2023,29,687,153,19.9,9.6,0.254,0.47,0.336,0.806,0.216,0.277,98,0.255,0.457,0.346,0.346,0.34,0.202,0.388,0.388,91.2
"Candelario, Jeimer",600869,2023,29,576,127,22,9.2,0.251,0.471,0.336,0.807,0.22,0.292,70,0.236,0.407,0.346,0.318,0.323,0.171,0.4,0.359,88.3
"Bell, Josh",605137,2023,30,617,135,21.7,10.2,0.247,0.419,0.325,0.744,0.172,0.287,74,0.26,0.453,0.323,0.342,0.338,0.194,0.37,0.398,90.1
"Betts, Mookie",605141,2023,30,693,179,15.4,13.9,0.307,0.579,0.408,0.987,0.272,0.316,107,0.294,0.563,0.416,0.407,0.399,0.268,0.45,0.437,92.4
"Davis, J.D.",605204,2023,30,546,119,27.8,9.5,0.248,0.412,0.325,0.737,0.164,0.32,69,0.244,0.411,0.321,0.323,0.325,0.167,0.402,0.405,91.1
"Arcia, Orlando",606115,2023,28,533,129,19.1,7.3,0.264,0.42,0.321,0.741,0.156,0.301,65,0.247,0.398,0.321,0.307,0.306,0.152,0.365,0.345,88.2
"Hernández, Teoscar",606192,2023,30,678,161,31.1,5.6,0.258,0.435,0.305,0.74,0.177,0.342,93,0.258,0.476,0.317,0.336,0.308,0.218,0.435,0.466,91.3
"Marte, Ketel",606466,2023,29,650,157,16.8,10.9,0.276,0.485,0.358,0.843,0.209,0.3,82,0.266,0.427,0.361,0.342,0.353,0.161,0.392,0.365,91.1
"Nimmo, Brandon",607043,2023,30,682,162,21.4,10.9,0.274,0.466,0.363,0.829,0.192,0.324,68,0.261,0.453,0.359,0.352,0.353,0.193,0.411,0.4,91.8
"Turner, Trea",607208,2023,30,691,170,21.7,6.5,0.266,0.459,0.32,0.779,0.193,0.31,76,0.266,0.447,0.333,0.33,0.32,0.181,0.399,0.394,89.9
"Ramírez, José",608070,2023,30,691,172,10.6,10.6,0.282,0.475,0.356,0.831,0.193,0.285,80,0.299,0.48,0.346,0.359,0.373,0.182,0.359,0.375,90
"Bregman, Alex",608324,2023,29,724,163,12,12.7,0.262,0.441,0.363,0.804,0.179,0.27,98,0.266,0.43,0.351,0.351,0.368,0.163,0.344,0.344,88.6
"Seager, Corey",608369,2023,29,536,156,16.4,9.1,0.327,0.623,0.39,1.013,0.296,0.34,96,0.31,0.608,0.419,0.409,0.378,0.298,0.481,0.468,93.3
"Meneses, Joey",608841,2023,31,657,168,19.8,5.8,0.275,0.401,0.321,0.722,0.126,0.329,89,0.247,0.361,0.314,0.288,0.295,0.115,0.365,0.329,89.4
"Swanson, Dansby",621020,2023,29,638,138,24.1,10.3,0.244,0.416,0.328,0.744,0.172,0.297,80,0.255,0.458,0.325,0.345,0.338,0.203,0.381,0.413,89.3
"Correa, Carlos",621043,2023,28,580,118,22.6,10.2,0.23,0.399,0.312,0.711,0.169,0.272,65,0.25,0.417,0.309,0.327,0.332,0.168,0.353,0.38,90.4
"Olson, Matt",621566,2023,29,720,172,23.2,14.4,0.283,0.604,0.389,0.993,0.321,0.302,139,0.264,0.558,0.413,0.392,0.374,0.294,0.504,0.47,93.7
"Santander, Anthony",623993,2023,28,656,152,23.2,8.4,0.257,0.472,0.325,0.797,0.215,0.299,95,0.237,0.426,0.34,0.319,0.309,0.189,0.409,0.378,90.6
"Alonso, Pete",624413,2023,28,658,123,22.9,9.9,0.217,0.504,0.318,0.822,0.287,0.205,118,0.246,0.527,0.346,0.368,0.343,0.281,0.402,0.436,89.5
"Soler, Jorge",624585,2023,31,580,126,24.3,11.4,0.25,0.512,0.341,0.853,0.262,0.272,75,0.262,0.532,0.361,0.374,0.354,0.27,0.437,0.458,91.3
"Cronenworth, Jake",630105,2023,29,522,105,18.6,8.8,0.229,0.378,0.312,0.69,0.149,0.267,48,0.238,0.37,0.301,0.305,0.321,0.131,0.321,0.327,87.4
"Anderson, Tim",641313,2023,30,524,121,23.3,5,0.245,0.296,0.286,0.582,0.051,0.323,25,0.252,0.335,0.26,0.279,0.295,0.082,0.31,0.338,87.8
"Bellinger, Cody",641355,2023,27,556,153,15.6,7.2,0.307,0.525,0.356,0.881,0.218,0.319,97,0.268,0.434,0.37,0.327,0.326,0.165,0.414,0.357,87.9
"Crawford, J.P.",641487,2023,28,638,142,19.6,14.7,0.266,0.438,0.38,0.818,0.172,0.314,65,0.26,0.384,0.359,0.34,0.375,0.124,0.388,0.359,88.3
"McMahon, Ryan",641857,2023,28,627,133,31.6,10.8,0.24,0.431,0.322,0.753,0.191,0.326,70,0.245,0.445,0.325,0.335,0.328,0.201,0.435,0.452,90.8
"Smith, Dominic",642086,2023,28,586,134,15.5,8,0.254,0.366,0.326,0.692,0.112,0.286,46,0.256,0.397,0.306,0.32,0.329,0.141,0.32,0.338,86.3
"Rosario, Amed",642708,2023,27,545,134,18.2,5.3,0.263,0.378,0.305,0.683,0.115,0.314,58,0.271,0.38,0.297,0.305,0.314,0.109,0.337,0.347,88.3
"Adames, Willy",642715,2023,27,638,120,25.9,11.1,0.217,0.407,0.31,0.717,0.19,0.259,80,0.24,0.436,0.311,0.335,0.332,0.196,0.367,0.406,87.4
"Estrada, Thairo",642731,2023,27,530,134,22.6,4.2,0.271,0.416,0.315,0.731,0.145,0.331,49,0.248,0.371,0.316,0.292,0.296,0.123,0.384,0.35,85.9
"Benintendi, Andrew",643217,2023,28,621,147,14.3,8.4,0.262,0.356,0.326,0.682,0.094,0.301,45,0.27,0.375,0.299,0.31,0.334,0.105,0.313,0.327,86.6
"McNeil, Jeff",643446,2023,31,648,158,10,6,0.27,0.378,0.333,0.711,0.108,0.288,55,0.251,0.34,0.314,0.294,0.316,0.09,0.311,0.285,86
"Albies, Ozzie",645277,2023,26,660,167,16.2,7,0.28,0.513,0.336,0.849,0.233,0.289,109,0.266,0.467,0.358,0.34,0.325,0.201,0.4,0.375,88.7
"Devers, Rafael",646240,2023,26,656,157,19.2,9.5,0.271,0.5,0.351,0.851,0.229,0.292,100,0.282,0.539,0.359,0.38,0.363,0.257,0.411,0.441,93.1
"Arraez, Luis",650333,2023,26,617,203,5.5,5.7,0.354,0.469,0.393,0.862,0.115,0.362,69,0.329,0.458,0.369,0.354,0.371,0.129,0.374,0.358,88.3
"Torres, Gleyber",650402,2023,26,672,163,14.6,10,0.273,0.453,0.347,0.8,0.18,0.288,68,0.282,0.478,0.346,0.362,0.357,0.196,0.364,0.385,89.7
"Díaz, Yandy",650490,2023,31,600,173,15.7,10.8,0.33,0.522,0.41,0.932,0.192,0.367,78,0.305,0.487,0.402,0.383,0.391,0.182,0.439,0.413,93.4
"De La Cruz, Bryan",650559,2023,26,626,149,22.7,6.4,0.257,0.411,0.304,0.715,0.154,0.307,78,0.273,0.445,0.309,0.331,0.321,0.172,0.372,0.405,89.9
"Chapman, Matt",656305,2023,30,581,122,28.4,10.7,0.24,0.424,0.33,0.754,0.184,0.319,54,0.23,0.457,0.328,0.337,0.323,0.228,0.411,0.426,93.4
"McKinstry, Zach",656716,2023,28,518,107,21.8,8.5,0.231,0.351,0.302,0.653,0.12,0.284,35,0.247,0.395,0.289,0.312,0.318,0.148,0.324,0.359,87.2
"Schwarber, Kyle",656941,2023,30,720,115,29.9,17.5,0.197,0.474,0.343,0.817,0.277,0.209,104,0.22,0.485,0.35,0.364,0.362,0.266,0.434,0.46,92.4
"Thomas, Lane",657041,2023,27,682,168,25.8,5.3,0.268,0.468,0.315,0.783,0.2,0.325,86,0.255,0.436,0.334,0.319,0.305,0.181,0.424,0.403,88.5
"Verdugo, Alex",657077,2023,27,602,144,15.4,7.5,0.264,0.421,0.324,0.745,0.157,0.294,54,0.278,0.417,0.322,0.331,0.34,0.139,0.346,0.358,89.2
"Ohtani, Shohei",660271,2023,28,599,151,23.9,15.2,0.304,0.654,0.412,1.066,0.35,0.342,95,0.295,0.637,0.433,0.427,0.406,0.343,0.553,0.543,94.4
"Acuña Jr., Ronald",660670,2023,25,735,217,11.4,10.9,0.337,0.596,0.416,1.012,0.259,0.338,106,0.357,0.66,0.428,0.46,0.435,0.303,0.45,0.493,94.7
"Ruiz, Keibert",660688,2023,24,562,136,10.3,5.5,0.26,0.409,0.308,0.717,0.149,0.263,67,0.274,0.425,0.31,0.322,0.321,0.15,0.319,0.333,87.4
"Contreras, William",661388,2023,25,611,156,20.6,10.3,0.289,0.457,0.367,0.824,0.168,0.348,78,0.255,0.433,0.357,0.335,0.338,0.179,0.411,0.379,91.3
"Varsho, Daulton",662139,2023,26,581,116,23.2,7.7,0.22,0.389,0.285,0.674,0.169,0.256,61,0.232,0.394,0.293,0.302,0.298,0.161,0.342,0.357,87.8
"Nootbaar, Lars",663457,2023,25,503,111,19.7,14.3,0.261,0.418,0.367,0.785,0.157,0.307,46,0.265,0.436,0.344,0.356,0.372,0.171,0.372,0.39,89.1
"Hoerner, Nico",663538,2023,26,688,175,12.1,7.1,0.283,0.383,0.346,0.729,0.1,0.312,68,0.273,0.356,0.322,0.311,0.339,0.083,0.327,0.313,86.6
"Riley, Austin",663586,2023,26,715,179,24.1,8.3,0.281,0.516,0.345,0.861,0.235,0.324,97,0.273,0.516,0.363,0.365,0.342,0.243,0.449,0.452,92.3
"Hayes, Ke'Bryan",663647,2023,26,525,134,19.8,5.3,0.271,0.453,0.309,0.762,0.182,0.315,61,0.27,0.436,0.324,0.321,0.309,0.166,0.384,0.38,92.2
"Tucker, Kyle",663656,2023,26,674,163,13.6,11.9,0.284,0.517,0.369,0.886,0.233,0.289,112,0.292,0.53,0.372,0.386,0.38,0.239,0.393,0.412,90.2
"India, Jonathan",663697,2023,26,529,111,20.6,9.8,0.244,0.407,0.338,0.745,0.163,0.281,61,0.252,0.424,0.327,0.339,0.348,0.172,0.356,0.374,89.5
"Raleigh, Cal",663728,2023,26,569,119,27.8,9.5,0.232,0.456,0.306,0.762,0.224,0.273,75,0.233,0.466,0.326,0.33,0.307,0.233,0.415,0.422,89.5
"Grisham, Trent",663757,2023,26,555,93,27.7,13.5,0.198,0.352,0.315,0.667,0.154,0.264,50,0.215,0.393,0.299,0.32,0.33,0.177,0.343,0.381,90.3
"Vierling, Matt",663837,2023,26,530,125,21.1,8.3,0.261,0.388,0.329,0.717,0.127,0.321,44,0.266,0.396,0.315,0.322,0.335,0.13,0.36,0.371,89.1
"Stephenson, Tyler",663886,2023,26,517,113,26.1,9.1,0.243,0.378,0.317,0.695,0.135,0.314,56,0.243,0.397,0.305,0.314,0.318,0.154,0.371,0.385,89.4
"Lowe, Nathaniel",663993,2023,27,724,163,22.8,12.8,0.262,0.414,0.36,0.774,0.152,0.329,82,0.263,0.406,0.34,0.339,0.362,0.143,0.388,0.386,89.8
"Happ, Ian",664023,2023,28,691,144,22.1,14.3,0.248,0.431,0.36,0.791,0.183,0.299,84,0.254,0.427,0.345,0.35,0.368,0.173,0.383,0.392,89.9
"France, Ty",664034,2023,28,665,147,17.6,6.5,0.25,0.366,0.337,0.703,0.116,0.294,58,0.27,0.42,0.315,0.342,0.354,0.151,0.329,0.367,87.5
"Straw, Myles",664702,2023,28,518,110,18.7,8.1,0.238,0.297,0.301,0.598,0.059,0.295,29,0.239,0.3,0.268,0.272,0.303,0.061,0.288,0.293,86.3
"Bohm, Alec",664761,2023,26,611,153,15.4,6.9,0.274,0.437,0.327,0.764,0.163,0.296,97,0.29,0.453,0.329,0.343,0.342,0.163,0.359,0.377,89.4
"Wade Jr., LaMonte",664774,2023,29,519,110,18.3,14.6,0.256,0.417,0.373,0.79,0.161,0.29,45,0.261,0.45,0.347,0.36,0.377,0.189,0.363,0.382,88.4
"Peña, Jeremy",665161,2023,25,634,152,20.3,6.8,0.263,0.381,0.324,0.705,0.118,0.323,52,0.265,0.376,0.31,0.31,0.325,0.111,0.354,0.355,88
"Tatis Jr., Fernando",665487,2023,24,635,148,22.2,8.3,0.257,0.449,0.322,0.771,0.192,0.299,78,0.281,0.508,0.332,0.364,0.344,0.227,0.392,0.438,91.9
"Guerrero Jr., Vladimir",665489,2023,24,682,159,14.7,9.8,0.264,0.444,0.345,0.789,0.18,0.277,94,0.299,0.501,0.34,0.378,0.378,0.202,0.356,0.407,92.1
"Soto, Juan",665742,2023,24,708,156,18.2,18.6,0.275,0.519,0.41,0.929,0.244,0.296,109,0.284,0.536,0.395,0.407,0.42,0.253,0.426,0.446,93.2
"Taveras, Leody",665750,2023,24,554,136,21.1,6.3,0.266,0.421,0.312,0.733,0.155,0.318,67,0.27,0.407,0.316,0.319,0.32,0.136,0.374,0.379,90.1
"Giménez, Andrés",665926,2023,24,616,140,18.2,5.2,0.251,0.399,0.314,0.713,0.148,0.289,62,0.245,0.367,0.309,0.297,0.309,0.122,0.343,0.327,84.8
"Bichette, Bo",666182,2023,25,601,175,19.1,4.5,0.306,0.475,0.339,0.814,0.169,0.355,73,0.308,0.497,0.349,0.359,0.341,0.189,0.415,0.429,90.2
"García, Adolis",666969,2023,30,632,136,27.7,10.3,0.245,0.508,0.328,0.836,0.263,0.28,107,0.25,0.526,0.354,0.366,0.334,0.276,0.451,0.471,92.1
"Gurriel Jr., Lourdes",666971,2023,29,592,144,17.4,5.6,0.261,0.463,0.309,0.772,0.202,0.282,82,0.264,0.439,0.329,0.324,0.313,0.175,0.373,0.367,89.7
"Rooker Jr., Brent",667670,2023,28,526,114,32.7,9.3,0.246,0.488,0.329,0.817,0.242,0.317,69,0.237,0.478,0.348,0.343,0.322,0.241,0.482,0.472,91.6
"Arozarena, Randy",668227,2023,28,654,140,23.9,12.2,0.254,0.425,0.364,0.789,0.171,0.31,83,0.239,0.431,0.347,0.348,0.356,0.192,0.396,0.398,91.7
"Steer, Spencer",668715,2023,25,665,158,20.9,10.2,0.271,0.464,0.356,0.82,0.193,0.318,86,0.252,0.417,0.355,0.333,0.341,0.165,0.404,0.373,88.7
"Reynolds, Bryan",668804,2023,28,640,151,21.6,8.3,0.263,0.46,0.33,0.79,0.197,0.304,84,0.28,0.49,0.338,0.36,0.346,0.211,0.395,0.427,90.9
"Rutschman, Adley",668939,2023,25,687,163,14.7,13.4,0.277,0.435,0.374,0.809,0.158,0.303,80,0.292,0.469,0.352,0.373,0.389,0.177,0.362,0.391,88.4
"Melendez Jr., MJ",669004,2023,24,602,125,28.2,10.3,0.235,0.398,0.316,0.714,0.163,0.311,56,0.235,0.432,0.31,0.325,0.318,0.197,0.387,0.411,93.2
"Edman, Tommy",669242,2023,28,528,119,15.9,6.6,0.248,0.399,0.307,0.706,0.151,0.275,47,0.262,0.39,0.306,0.312,0.321,0.128,0.329,0.338,89.1
"Smith, Will",669257,2023,28,554,121,16.1,11.4,0.261,0.438,0.359,0.797,0.177,0.277,76,0.258,0.431,0.345,0.35,0.362,0.173,0.354,0.361,89.3
"Suwinski, Jack",669261,2023,24,534,100,32.2,14,0.224,0.454,0.339,0.793,0.23,0.29,74,0.218,0.461,0.341,0.346,0.337,0.244,0.45,0.46,90.5
"Burger, Jake",669394,2023,27,540,123,27.6,5.9,0.25,0.518,0.309,0.827,0.268,0.284,80,0.27,0.512,0.349,0.359,0.329,0.242,0.454,0.469,91.9
"Hays, Austin",669720,2023,27,566,143,24.9,6.7,0.275,0.444,0.325,0.769,0.169,0.345,67,0.242,0.42,0.33,0.309,0.296,0.178,0.413,0.381,89.4
"Paredes, Isaac",670623,2023,24,571,123,18.2,10.2,0.25,0.488,0.352,0.84,0.238,0.257,98,0.23,0.369,0.362,0.315,0.335,0.139,0.391,0.322,86.9
"Friedl Jr., TJ",670770,2023,27,556,136,16.2,8.5,0.279,0.467,0.352,0.819,0.188,0.308,66,0.24,0.321,0.353,0.289,0.318,0.082,0.383,0.296,86.7
"Casas, Triston",671213,2023,23,502,113,25.1,13.9,0.263,0.49,0.367,0.857,0.227,0.317,65,0.253,0.5,0.367,0.37,0.36,0.246,0.445,0.449,91.1
"Harris II, Michael",671739,2023,22,539,148,18.7,4.6,0.293,0.477,0.331,0.808,0.184,0.334,57,0.304,0.49,0.345,0.357,0.342,0.186,0.405,0.421,90.9
"Garcia, Maikel",672580,2023,23,515,126,22.3,7.4,0.272,0.358,0.323,0.681,0.086,0.344,50,0.274,0.393,0.299,0.319,0.33,0.119,0.35,0.38,91.8
"Robert Jr., Luis",673357,2023,25,595,144,28.9,5,0.264,0.542,0.315,0.857,0.278,0.314,80,0.262,0.518,0.358,0.35,0.314,0.256,0.488,0.475,89.1
"Kim, Ha-Seong",673490,2023,27,626,140,19.8,12,0.26,0.398,0.351,0.749,0.138,0.306,60,0.245,0.359,0.33,0.313,0.339,0.114,0.36,0.335,86.2
"Suzuki, Seiya",673548,2023,28,583,147,22.3,10.1,0.285,0.485,0.357,0.842,0.2,0.341,74,0.283,0.469,0.358,0.357,0.358,0.187,0.427,0.425,91.4
"Jung, Josh",673962,2023,25,515,127,29.3,5.8,0.266,0.467,0.315,0.782,0.201,0.34,70,0.26,0.482,0.334,0.337,0.309,0.222,0.449,0.453,91.8
"Rodríguez, Julio",677594,2023,22,714,180,24.5,6.6,0.275,0.485,0.333,0.818,0.21,0.33,103,0.274,0.475,0.347,0.345,0.332,0.201,0.436,0.431,92.7
"Witt Jr., Bobby",677951,2023,23,694,177,17.4,5.8,0.276,0.495,0.319,0.814,0.219,0.295,96,0.294,0.533,0.343,0.369,0.338,0.239,0.393,0.427,90.7
"Tovar, Ezequiel",678662,2023,21,615,147,27,4.1,0.253,0.408,0.287,0.695,0.155,0.328,73,0.248,0.386,0.298,0.291,0.283,0.138,0.389,0.378,88
"Torkelson, Spencer",679529,2023,23,684,141,25,9.8,0.233,0.446,0.313,0.759,0.213,0.269,94,0.251,0.484,0.326,0.349,0.331,0.233,0.391,0.428,91.8
"Kwan, Steven",680757,2023,25,718,171,10.4,9.7,0.268,0.37,0.34,0.71,0.102,0.294,54,0.282,0.358,0.313,0.317,0.353,0.076,0.306,0.311,86
"Stott, Bryson",681082,2023,25,640,164,15.6,6.1,0.28,0.419,0.329,0.748,0.139,0.312,62,0.267,0.386,0.323,0.309,0.319,0.119,0.354,0.336,88.1
"Outman, James",681546,2023,26,567,120,31.9,12,0.248,0.437,0.353,0.79,0.189,0.343,70,0.228,0.396,0.344,0.325,0.336,0.167,0.456,0.42,87.9
"Abrams, CJ",682928,2023,22,614,138,19.2,5.2,0.245,0.412,0.3,0.712,0.167,0.279,64,0.247,0.399,0.306,0.304,0.301,0.152,0.349,0.345,87.4
"Carroll, Corbin",682998,2023,22,645,161,19.4,8.8,0.285,0.506,0.362,0.868,0.221,0.325,76,0.268,0.441,0.37,0.344,0.348,0.173,0.423,0.386,90
"Henderson, Gunnar",683002,2023,22,622,143,25.6,9,0.255,0.489,0.325,0.814,0.234,0.306,82,0.261,0.472,0.346,0.346,0.331,0.212,0.431,0.431,92
"Volpe, Anthony",683011,2023,22,601,113,27.8,8.7,0.209,0.383,0.283,0.666,0.174,0.259,60,0.23,0.392,0.29,0.305,0.303,0.162,0.357,0.38,88.7
"Vaughn, Andrew",683734,2023,25,615,146,21,5.9,0.258,0.429,0.314,0.743,0.171,0.299,80,0.252,0.427,0.321,0.319,0.309,0.176,0.375,0.371,90.6
"Yoshida, Masataka",807799,2023,29,580,155,14,5.9,0.289,0.445,0.338,0.783,0.156,0.316,72,0.273,0.425,0.339,0.325,0.324,0.153,0.366,0.35,89
"McCutchen, Andrew",457705,2024,37,515,104,25.8,11.3,0.232,0.411,0.328,0.739,0.179,0.283,50,0.224,0.418,0.325,0.325,0.321,0.194,0.386,0.387,88.5
"Turner, Justin",457759,2024,39,539,119,17.6,10.9,0.259,0.383,0.354,0.737,0.124,0.299,55,0.252,0.383,0.327,0.328,0.352,0.131,0.341,0.343,87.1
"Santana, Carlos",467793,2024,38,594,124,16.7,10.9,0.238,0.42,0.328,0.748,0.182,0.252,71,0.246,0.415,0.326,0.33,0.336,0.169,0.344,0.348,89.2
"Goldschmidt, Paul",502671,2024,36,654,147,26.5,7.2,0.245,0.414,0.302,0.716,0.169,0.308,65,0.255,0.45,0.31,0.329,0.311,0.195,0.393,0.423,91.2
"Altuve, Jose",514888,2024,34,682,185,17.4,6.9,0.295,0.439,0.35,0.789,0.144,0.337,65,0.262,0.399,0.344,0.316,0.321,0.137,0.389,0.352,86.5
"Freeman, Freddie",518692,2024,34,638,153,15.7,12.2,0.282,0.476,0.378,0.854,0.194,0.306,89,0.276,0.463,0.365,0.364,0.375,0.188,0.389,0.387,89.4
"Perez, Salvador",521692,2024,34,652,160,19.8,6.7,0.271,0.456,0.33,0.786,0.185,0.302,104,0.275,0.522,0.335,0.36,0.334,0.248,0.392,0.427,91.1
"Ozuna, Marcell",542303,2024,33,688,183,24.7,10.8,0.302,0.546,0.378,0.924,0.244,0.359,104,0.286,0.572,0.395,0.402,0.368,0.286,0.496,0.508,92.1
"Semien, Marcus",543760,2024,33,718,154,14.6,8.9,0.237,0.391,0.308,0.699,0.154,0.25,74,0.251,0.391,0.306,0.313,0.321,0.14,0.319,0.328,87.4
"Springer III, George",543807,2024,34,614,120,18.7,9.8,0.22,0.371,0.303,0.674,0.151,0.245,56,0.244,0.402,0.298,0.322,0.325,0.158,0.318,0.351,87.5
"Harper, Bryce",547180,2024,31,631,157,21.9,12,0.285,0.525,0.373,0.898,0.24,0.331,87,0.267,0.474,0.38,0.357,0.358,0.206,0.457,0.423,91.1
"Suárez, Eugenio",553993,2024,32,640,146,27.5,7.7,0.256,0.469,0.319,0.788,0.213,0.309,101,0.247,0.447,0.337,0.33,0.314,0.201,0.433,0.421,89.1
"Arenado, Nolan",571448,2024,33,635,157,14.5,6.9,0.272,0.394,0.325,0.719,0.122,0.296,71,0.255,0.356,0.314,0.296,0.312,0.101,0.336,0.313,86.3
"Walker, Christian",572233,2024,33,552,120,24.1,10,0.251,0.468,0.335,0.803,0.217,0.287,84,0.246,0.457,0.343,0.351,0.339,0.211,0.412,0.424,91.2
"Castellanos, Nick",592206,2024,32,659,154,21.1,6.2,0.254,0.431,0.311,0.742,0.177,0.294,86,0.271,0.441,0.321,0.333,0.327,0.17,0.377,0.395,88.4
"Judge, Aaron",592450,2024,32,704,180,24.3,18.9,0.322,0.701,0.458,1.159,0.379,0.367,144,0.31,0.723,0.476,0.479,0.449,0.413,0.617,0.623,96.2
"Machado, Manny",592518,2024,31,643,163,19.3,7,0.275,0.472,0.325,0.797,0.197,0.302,105,0.272,0.461,0.34,0.338,0.325,0.189,0.399,0.397,92.5
"Profar, Jurickson",595777,2024,31,668,158,15.1,11.4,0.28,0.459,0.38,0.839,0.179,0.302,85,0.282,0.444,0.365,0.364,0.383,0.161,0.381,0.379,91.1
"Lindor, Francisco",596019,2024,30,689,169,18.4,8.1,0.273,0.5,0.344,0.844,0.227,0.295,91,0.283,0.528,0.363,0.379,0.353,0.246,0.411,0.433,90.9
"Bell, Josh",605137,2024,31,603,134,19.9,8.5,0.249,0.405,0.319,0.724,0.156,0.286,71,0.235,0.391,0.317,0.307,0.307,0.157,0.357,0.343,88.9
"Betts, Mookie",605141,2024,31,516,130,11,11.8,0.289,0.491,0.372,0.863,0.202,0.294,75,0.282,0.447,0.371,0.356,0.368,0.165,0.376,0.357,89.9
"Arcia, Orlando",606115,2024,29,602,120,21.3,6.8,0.218,0.354,0.271,0.625,0.136,0.249,46,0.206,0.323,0.273,0.261,0.263,0.118,0.313,0.297,88.2
"Hernández, Teoscar",606192,2024,31,652,160,28.8,8.1,0.272,0.501,0.339,0.84,0.229,0.344,99,0.25,0.486,0.36,0.346,0.32,0.236,0.48,0.458,90.6
"Marte, Ketel",606466,2024,30,583,147,18.2,11.1,0.292,0.56,0.372,0.932,0.268,0.299,95,0.294,0.538,0.391,0.392,0.378,0.244,0.446,0.447,94
"Nimmo, Brandon",607043,2024,31,663,128,23.8,11.6,0.224,0.399,0.327,0.726,0.175,0.267,90,0.244,0.408,0.321,0.335,0.346,0.164,0.363,0.386,91.9
"Turner, Trea",607208,2024,31,539,149,18.2,5,0.295,0.469,0.338,0.807,0.174,0.331,62,0.264,0.419,0.349,0.318,0.309,0.155,0.405,0.364,89.1
"Ramírez, José",608070,2024,31,682,173,12,7.9,0.279,0.537,0.335,0.872,0.258,0.265,118,0.259,0.453,0.364,0.329,0.32,0.193,0.393,0.35,89.2
"Bregman, Alex",608324,2024,30,634,151,13.6,6.9,0.26,0.453,0.315,0.768,0.193,0.264,75,0.257,0.417,0.331,0.319,0.314,0.16,0.353,0.338,89.1
"Seager, Corey",608369,2024,30,533,132,18,9.9,0.278,0.512,0.353,0.865,0.234,0.291,74,0.286,0.558,0.365,0.387,0.362,0.271,0.418,0.449,92.1
"Winker, Jesse",608385,2024,30,508,109,20.9,12.4,0.253,0.405,0.36,0.765,0.152,0.304,58,0.245,0.384,0.338,0.329,0.353,0.139,0.37,0.357,88.6
"Swanson, Dansby",621020,2024,30,593,129,24.3,9.1,0.242,0.39,0.312,0.702,0.148,0.3,66,0.244,0.416,0.307,0.321,0.316,0.172,0.366,0.388,89.4
"Ward, Taylor",621493,2024,30,663,144,24.6,9.5,0.246,0.426,0.323,0.749,0.18,0.294,75,0.251,0.458,0.325,0.344,0.331,0.207,0.389,0.419,90.9
"Olson, Matt",621566,2024,30,685,148,24.8,10.4,0.247,0.457,0.333,0.79,0.21,0.293,98,0.247,0.448,0.339,0.341,0.336,0.201,0.411,0.414,91.5
"Santander, Anthony",623993,2024,29,665,140,19.4,8.7,0.235,0.506,0.308,0.814,0.271,0.225,102,0.228,0.445,0.345,0.324,0.304,0.218,0.394,0.364,89.8
"Alonso, Pete",624413,2024,29,695,146,24.7,10.1,0.24,0.459,0.329,0.788,0.219,0.276,88,0.242,0.461,0.34,0.343,0.332,0.219,0.409,0.414,89.8
"Soler, Jorge",624585,2024,32,574,119,24.6,11.8,0.241,0.442,0.338,0.78,0.201,0.293,64,0.244,0.447,0.34,0.346,0.342,0.203,0.401,0.412,90.5
"Cronenworth, Jake",630105,2024,30,656,139,18,9.3,0.241,0.39,0.324,0.714,0.149,0.274,83,0.259,0.42,0.315,0.335,0.341,0.161,0.336,0.365,88.6
"Bellinger, Cody",641355,2024,28,569,137,15.6,7.9,0.266,0.426,0.325,0.751,0.16,0.287,78,0.242,0.391,0.322,0.301,0.305,0.149,0.353,0.326,87.8
"McMahon, Ryan",641857,2024,29,645,137,28.7,10.7,0.242,0.397,0.325,0.722,0.155,0.32,65,0.243,0.414,0.315,0.325,0.329,0.171,0.4,0.417,92.1
"Adames, Willy",642715,2024,28,688,153,25.1,10.8,0.251,0.462,0.331,0.793,0.211,0.297,112,0.243,0.461,0.342,0.339,0.324,0.218,0.419,0.415,88.6
"Benintendi, Andrew",643217,2024,29,522,109,18.4,7.9,0.229,0.396,0.289,0.685,0.167,0.245,64,0.243,0.389,0.298,0.303,0.303,0.146,0.331,0.337,88
"Devers, Rafael",646240,2024,27,601,143,24.5,11.1,0.272,0.516,0.354,0.87,0.244,0.323,83,0.271,0.507,0.364,0.363,0.355,0.236,0.456,0.455,93.2
"Naylor, Josh",647304,2024,27,633,137,16.6,9.2,0.243,0.456,0.32,0.776,0.213,0.246,108,0.257,0.443,0.332,0.335,0.333,0.186,0.362,0.366,89.9
"Arraez, Luis",650333,2024,27,672,200,4.3,3.6,0.314,0.392,0.346,0.738,0.078,0.324,46,0.31,0.4,0.323,0.325,0.343,0.09,0.32,0.323,86.3
"Torres, Gleyber",650402,2024,27,665,151,20.5,9.8,0.257,0.378,0.33,0.708,0.121,0.306,63,0.24,0.368,0.313,0.307,0.317,0.128,0.349,0.341,88.6
"Castro, Willi",650489,2024,27,635,138,23.6,8,0.247,0.385,0.331,0.716,0.138,0.315,60,0.244,0.381,0.317,0.32,0.332,0.137,0.366,0.371,87.4
"Díaz, Yandy",650490,2024,32,621,158,15.3,8.1,0.281,0.414,0.341,0.755,0.133,0.314,65,0.277,0.423,0.331,0.336,0.34,0.146,0.356,0.363,92.2
"De La Cruz, Bryan",650559,2024,27,622,136,27.3,4.7,0.233,0.384,0.271,0.655,0.151,0.289,68,0.242,0.419,0.283,0.302,0.28,0.177,0.367,0.396,89.6
"Chapman, Matt",656305,2024,31,647,142,24.4,9.9,0.247,0.463,0.328,0.791,0.216,0.293,78,0.25,0.451,0.34,0.341,0.332,0.201,0.412,0.414,93.2
"Hoskins, Rhys",656555,2024,31,517,96,28.8,10.3,0.214,0.419,0.303,0.722,0.205,0.25,82,0.202,0.387,0.313,0.301,0.295,0.185,0.393,0.372,88.7
"Schwarber, Kyle",656941,2024,31,692,142,28.5,15.3,0.248,0.485,0.366,0.851,0.237,0.301,104,0.256,0.512,0.366,0.38,0.374,0.256,0.463,0.489,93.6
"Thomas, Lane",657041,2024,28,528,112,25.9,8.3,0.237,0.4,0.309,0.709,0.163,0.298,63,0.242,0.377,0.309,0.307,0.315,0.135,0.377,0.374,88.8
"Verdugo, Alex",657077,2024,28,621,130,15,7.9,0.233,0.356,0.291,0.647,0.123,0.253,61,0.25,0.373,0.283,0.302,0.309,0.124,0.296,0.32,88.3
"Ohtani, Shohei",660271,2024,29,731,197,22.2,11.1,0.31,0.646,0.39,1.036,0.336,0.336,130,0.314,0.66,0.431,0.442,0.396,0.347,0.534,0.551,95.8
"Sánchez, Jesús",660821,2024,26,537,123,26.1,7.6,0.252,0.417,0.313,0.73,0.165,0.315,64,0.264,0.468,0.317,0.343,0.325,0.204,0.397,0.437,92.5
"Contreras, William",661388,2024,26,679,167,20.5,11.5,0.281,0.466,0.365,0.831,0.185,0.33,92,0.269,0.471,0.359,0.358,0.356,0.202,0.412,0.411,92.8
"Varsho, Daulton",662139,2024,27,513,98,26.7,9.4,0.214,0.407,0.293,0.7,0.193,0.262,58,0.186,0.316,0.304,0.261,0.268,0.13,0.372,0.304,86.1
"Hoerner, Nico",663538,2024,27,641,159,10.3,6.9,0.273,0.373,0.335,0.708,0.1,0.297,48,0.28,0.353,0.313,0.313,0.344,0.073,0.312,0.313,85.7
"Mountcastle, Ryan",663624,2024,27,507,128,22.5,5.3,0.271,0.425,0.308,0.733,0.154,0.327,63,0.272,0.445,0.316,0.332,0.313,0.173,0.385,0.408,90.8
"India, Jonathan",663697,2024,27,637,132,19.6,12.6,0.248,0.392,0.357,0.749,0.144,0.292,58,0.266,0.412,0.333,0.352,0.376,0.146,0.351,0.38,87.2
"Raleigh, Cal",663728,2024,27,628,120,28,11.1,0.22,0.436,0.312,0.748,0.216,0.251,100,0.233,0.476,0.323,0.346,0.326,0.243,0.403,0.442,91
"Vierling, Matt",663837,2024,27,567,133,21.3,7.2,0.257,0.423,0.312,0.735,0.166,0.303,57,0.256,0.393,0.317,0.309,0.313,0.137,0.373,0.362,89.8
"Stephenson, Tyler",663886,2024,27,515,118,22.7,9.3,0.258,0.444,0.338,0.782,0.186,0.307,66,0.241,0.403,0.339,0.322,0.325,0.162,0.4,0.373,90.2
"Rodgers, Brendan",663898,2024,27,539,134,24.5,5.8,0.267,0.407,0.314,0.721,0.14,0.338,54,0.248,0.377,0.314,0.295,0.297,0.129,0.39,0.364,89.3
"Lowe, Nathaniel",663993,2024,28,565,129,22.1,12.6,0.265,0.401,0.361,0.762,0.136,0.324,69,0.252,0.38,0.337,0.328,0.352,0.128,0.381,0.368,88.9
"Happ, Ian",664023,2024,29,657,138,25.6,12.2,0.243,0.441,0.341,0.782,0.198,0.299,86,0.243,0.446,0.341,0.345,0.342,0.203,0.409,0.416,90.8
"France, Ty",664034,2024,29,535,112,21.3,7.1,0.234,0.365,0.305,0.67,0.131,0.277,51,0.228,0.387,0.296,0.303,0.301,0.159,0.332,0.343,88.7
"Bohm, Alec",664761,2024,27,606,155,14.2,6.6,0.28,0.448,0.332,0.78,0.168,0.305,97,0.288,0.444,0.335,0.342,0.342,0.156,0.363,0.372,90.4
"Peña, Jeremy",665161,2024,26,650,160,17.1,3.8,0.266,0.394,0.308,0.702,0.128,0.301,70,0.263,0.394,0.305,0.31,0.308,0.131,0.343,0.349,88.2
"Guerrero Jr., Vladimir",665489,2024,25,697,199,13.8,10.3,0.323,0.544,0.396,0.94,0.221,0.342,103,0.321,0.567,0.398,0.408,0.395,0.247,0.434,0.448,93.8
"Soto, Juan",665742,2024,25,713,166,16.7,18.1,0.288,0.569,0.419,0.988,0.281,0.298,109,0.316,0.646,0.421,0.462,0.445,0.33,0.453,0.517,94.2
"Taveras, Leody",665750,2024,25,529,110,21.2,7.9,0.229,0.352,0.289,0.641,0.123,0.272,44,0.24,0.368,0.282,0.295,0.301,0.129,0.321,0.34,89
"Cruz, Oneil",665833,2024,25,599,140,30.2,8.5,0.259,0.449,0.324,0.773,0.19,0.347,76,0.263,0.461,0.331,0.34,0.329,0.199,0.447,0.462,95.5
"Chisholm Jr., Jazz",665862,2024,26,621,144,24.5,8.5,0.256,0.436,0.324,0.76,0.18,0.309,73,0.24,0.415,0.327,0.316,0.31,0.176,0.402,0.386,89.7
"Giménez, Andrés",665926,2024,25,633,147,15.3,4.1,0.252,0.34,0.298,0.638,0.088,0.286,63,0.262,0.355,0.281,0.296,0.31,0.093,0.303,0.322,86.3
"Morel, Christopher",666624,2024,25,611,105,26,10,0.196,0.346,0.288,0.634,0.15,0.233,60,0.225,0.399,0.28,0.316,0.316,0.174,0.324,0.381,89.2
"García, Adolis",666969,2024,31,637,130,27.8,7.1,0.224,0.4,0.284,0.684,0.176,0.273,85,0.227,0.413,0.296,0.306,0.289,0.186,0.376,0.393,91
"Gurriel Jr., Lourdes",666971,2024,30,553,143,18.3,5.2,0.279,0.435,0.322,0.757,0.156,0.313,75,0.267,0.421,0.327,0.319,0.312,0.154,0.376,0.365,88.4
"Rooker Jr., Brent",667670,2024,29,614,160,28.8,9.6,0.293,0.562,0.365,0.927,0.269,0.362,112,0.266,0.557,0.392,0.38,0.341,0.291,0.53,0.51,91.9
"Arozarena, Randy",668227,2024,29,648,120,26.1,11.3,0.219,0.388,0.332,0.72,0.169,0.275,60,0.216,0.377,0.32,0.321,0.332,0.161,0.368,0.37,90.4
"Bleday, JJ",668709,2024,26,642,139,19.5,10.4,0.243,0.437,0.324,0.761,0.194,0.279,60,0.24,0.397,0.33,0.316,0.322,0.157,0.369,0.349,88.5
"Steer, Spencer",668715,2024,26,656,129,20.9,11,0.225,0.402,0.319,0.721,0.177,0.26,92,0.235,0.379,0.316,0.315,0.328,0.144,0.348,0.345,88
"Reynolds, Bryan",668804,2024,29,692,171,22.5,8.2,0.275,0.447,0.344,0.791,0.172,0.33,88,0.27,0.463,0.343,0.35,0.342,0.193,0.409,0.42,89.9
"Turang, Brice",668930,2024,24,619,142,17,8.1,0.254,0.349,0.316,0.665,0.095,0.3,57,0.261,0.34,0.294,0.297,0.323,0.079,0.318,0.322,87
"Rutschman, Adley",668939,2024,26,638,143,16.1,9.1,0.25,0.391,0.318,0.709,0.141,0.272,79,0.255,0.393,0.309,0.315,0.325,0.138,0.33,0.339,88.2
"Langeliers, Shea",669127,2024,26,534,108,27.2,7.7,0.224,0.45,0.288,0.738,0.226,0.252,80,0.241,0.456,0.315,0.328,0.305,0.215,0.4,0.419,91.3
"Smith, Will",669257,2024,29,544,118,19.3,9.4,0.248,0.433,0.327,0.76,0.185,0.273,75,0.24,0.443,0.326,0.331,0.323,0.204,0.363,0.372,89.4
"Burger, Jake",669394,2024,28,579,134,25.9,5.4,0.25,0.46,0.301,0.761,0.21,0.292,76,0.256,0.476,0.325,0.338,0.307,0.221,0.415,0.433,91.3
"Smith, Josh",669701,2024,26,592,135,20.4,7.8,0.258,0.394,0.337,0.731,0.136,0.311,62,0.242,0.352,0.323,0.304,0.324,0.11,0.361,0.333,87.8
"Alvarez, Yordan",670541,2024,27,635,170,15,10.9,0.308,0.567,0.392,0.959,0.259,0.317,86,0.303,0.595,0.402,0.411,0.389,0.292,0.444,0.457,93.1
"Paredes, Isaac",670623,2024,25,641,129,16.4,11.9,0.238,0.393,0.346,0.739,0.155,0.259,80,0.22,0.337,0.327,0.304,0.333,0.117,0.329,0.295,85
"Ramos, Heliot",671218,2024,24,518,128,26.1,7.1,0.269,0.469,0.322,0.791,0.2,0.329,72,0.25,0.481,0.339,0.338,0.307,0.23,0.434,0.434,91.5
"García, Luis",671277,2024,24,528,141,16.3,5.1,0.282,0.444,0.318,0.762,0.162,0.31,70,0.278,0.452,0.328,0.331,0.315,0.174,0.374,0.379,89.1
"Garcia, Maikel",672580,2024,24,626,133,16.5,6.7,0.231,0.332,0.281,0.613,0.101,0.268,58,0.26,0.366,0.27,0.3,0.31,0.106,0.292,0.331,90.4
"Diaz, Yainer",673237,2024,25,619,175,17.3,3.9,0.299,0.441,0.325,0.766,0.142,0.338,84,0.299,0.458,0.329,0.339,0.327,0.159,0.383,0.395,90.2
"Suzuki, Seiya",673548,2024,29,585,145,27.4,10.8,0.283,0.482,0.366,0.848,0.199,0.37,73,0.255,0.453,0.365,0.346,0.343,0.198,0.468,0.437,91.7
"Burleson, Alec",676475,2024,25,595,147,12.8,5.9,0.269,0.42,0.314,0.734,0.151,0.276,78,0.273,0.435,0.319,0.329,0.32,0.162,0.339,0.351,89.7
"Meyers, Jake",676694,2024,28,513,101,22.8,6.8,0.219,0.36,0.286,0.646,0.141,0.263,61,0.235,0.382,0.285,0.304,0.303,0.147,0.327,0.355,88.2
"Rodríguez, Julio",677594,2024,23,613,155,25.4,6.2,0.273,0.409,0.325,0.734,0.136,0.344,68,0.275,0.463,0.321,0.344,0.327,0.187,0.403,0.437,91.7
"Witt Jr., Bobby",677951,2024,24,709,211,15,8,0.332,0.588,0.389,0.977,0.256,0.354,109,0.315,0.576,0.41,0.407,0.378,0.262,0.461,0.457,92.7
"Tovar, Ezequiel",678662,2024,22,695,176,28.8,3.3,0.269,0.469,0.295,0.764,0.2,0.344,78,0.233,0.401,0.324,0.289,0.264,0.168,0.444,0.391,88.8
"Rafaela, Ceddanne",678882,2024,23,571,134,26.4,2.6,0.246,0.39,0.274,0.664,0.144,0.312,75,0.229,0.368,0.286,0.273,0.259,0.139,0.373,0.355,86.6
"Kwan, Steven",680757,2024,26,540,140,9.4,9.8,0.292,0.425,0.368,0.793,0.133,0.304,44,0.284,0.385,0.349,0.333,0.361,0.101,0.345,0.325,86.3
"Duran, Jarren",680776,2024,27,735,191,21.8,7.3,0.285,0.492,0.342,0.834,0.207,0.345,75,0.271,0.448,0.357,0.338,0.33,0.177,0.429,0.403,90.8
"Gelof, Zack",680869,2024,24,547,105,34.4,6.9,0.211,0.362,0.27,0.632,0.151,0.296,49,0.199,0.347,0.276,0.271,0.262,0.148,0.386,0.377,89.2
"Donovan, Brendan",680977,2024,27,652,163,12.4,7.2,0.278,0.417,0.342,0.759,0.139,0.3,73,0.277,0.419,0.332,0.335,0.343,0.142,0.342,0.346,88.7
"Stott, Bryson",681082,2024,26,571,124,16.3,9.3,0.245,0.356,0.315,0.671,0.111,0.275,57,0.254,0.363,0.296,0.306,0.325,0.109,0.31,0.324,87
"Cowser, Colton",681297,2024,24,561,121,30.7,9.3,0.242,0.447,0.321,0.768,0.205,0.317,69,0.23,0.437,0.331,0.326,0.312,0.207,0.442,0.433,90.5
"O'Hoppe, Logan",681351,2024,24,522,117,29.7,6.3,0.244,0.409,0.303,0.712,0.165,0.318,56,0.251,0.454,0.311,0.331,0.31,0.203,0.411,0.442,90.4
"De La Cruz, Elly",682829,2024,22,696,160,31.3,9.9,0.259,0.471,0.339,0.81,0.212,0.359,76,0.24,0.428,0.349,0.328,0.322,0.188,0.476,0.44,91.8
"Abrams, CJ",682928,2024,23,602,133,21.3,6.6,0.246,0.433,0.314,0.747,0.187,0.285,65,0.247,0.409,0.322,0.319,0.318,0.161,0.373,0.37,88.2
"Greene, Riley",682985,2024,23,584,134,26.7,11,0.262,0.479,0.348,0.827,0.217,0.329,74,0.253,0.477,0.355,0.353,0.341,0.224,0.448,0.445,91.3
"Carroll, Corbin",682998,2024,23,684,136,19,10.7,0.231,0.428,0.322,0.75,0.197,0.256,74,0.241,0.391,0.325,0.324,0.334,0.15,0.35,0.349,89.3
"Henderson, Gunnar",683002,2024,23,719,177,22.1,10.8,0.281,0.529,0.364,0.893,0.248,0.32,92,0.283,0.492,0.381,0.374,0.368,0.208,0.454,0.443,92.8
"Volpe, Anthony",683011,2024,23,689,155,22.6,6.1,0.243,0.364,0.293,0.657,0.121,0.303,60,0.234,0.328,0.287,0.274,0.287,0.094,0.342,0.324,87.7
"Vaughn, Andrew",683734,2024,26,619,140,21.3,6.1,0.246,0.402,0.297,0.699,0.156,0.285,70,0.244,0.44,0.304,0.319,0.297,0.197,0.356,0.378,90.3
"Busch, Michael",683737,2024,26,567,123,28.6,11.1,0.248,0.44,0.335,0.775,0.192,0.322,65,0.217,0.418,0.336,0.319,0.309,0.202,0.428,0.399,89.9
"Frelick, Sal",686217,2024,24,524,123,14.9,7.4,0.259,0.335,0.32,0.655,0.076,0.306,32,0.246,0.304,0.292,0.278,0.308,0.058,0.306,0.288,83.4
"Pasquantino, Vinnie",686469,2024,26,554,130,12.8,7.2,0.262,0.446,0.315,0.761,0.184,0.265,97,0.266,0.438,0.325,0.331,0.322,0.173,0.341,0.349,91
"Doyle, Brenton",686668,2024,26,603,141,25.4,7.6,0.26,0.446,0.317,0.763,0.186,0.316,72,0.254,0.436,0.328,0.329,0.315,0.182,0.41,0.412,89.2
"Neto, Zach",687263,2024,23,602,135,23.3,6.5,0.249,0.443,0.318,0.761,0.194,0.295,77,0.236,0.414,0.33,0.317,0.307,0.178,0.395,0.376,88.5
"Ortiz, Joey",687401,2024,25,511,105,20.2,11,0.239,0.398,0.329,0.727,0.159,0.283,60,0.234,0.343,0.319,0.305,0.328,0.109,0.347,0.327,87.8
"Keith, Colt",690993,2024,22,556,134,19.8,6.5,0.26,0.38,0.309,0.689,0.12,0.306,61,0.266,0.393,0.301,0.311,0.316,0.126,0.347,0.361,87.8
"Winn, Masyn",691026,2024,22,637,157,17.1,6.4,0.267,0.416,0.314,0.73,0.149,0.303,57,0.256,0.358,0.315,0.293,0.305,0.102,0.355,0.326,87
"Chourio, Jackson",694192,2024,20,573,145,21.1,6.8,0.275,0.464,0.327,0.791,0.189,0.32,79,0.269,0.424,0.339,0.323,0.322,0.155,0.406,0.385,89.7
"Schanuel, Nolan",694384,2024,22,607,130,17,11.2,0.25,0.362,0.343,0.705,0.112,0.285,54,0.254,0.355,0.315,0.318,0.348,0.101,0.324,0.327,86.1
"Langford, Wyatt",694671,2024,22,557,126,20.6,9.2,0.253,0.415,0.325,0.74,0.162,0.296,74,0.254,0.423,0.321,0.328,0.327,0.17,0.367,0.377,89.6
"Young, Jacob",696285,2024,24,521,120,19.6,5.8,0.256,0.331,0.316,0.647,0.075,0.321,36,0.253,0.317,0.29,0.286,0.314,0.064,0.323,0.319,85.8
"Merrill, Jackson",701538,2024,21,593,162,17,4.9,0.292,0.5,0.326,0.826,0.208,0.318,90,0.303,0.534,0.352,0.372,0.337,0.231,0.408,0.434,90.4
"McCutchen, Andrew",457705,2025,38,551,114,21.4,12.2,0.239,0.367,0.333,0.7,0.128,0.289,57,0.267,0.429,0.309,0.342,0.358,0.162,0.342,0.392,89.5
"Goldschmidt, Paul",502671,2025,37,534,134,18.7,6.7,0.274,0.403,0.328,0.731,0.129,0.325,45,0.273,0.455,0.316,0.334,0.327,0.182,0.363,0.388,90.4
"Altuve, Jose",514888,2025,35,654,156,16.7,8.4,0.265,0.442,0.329,0.771,0.177,0.283,77,0.245,0.394,0.331,0.306,0.313,0.148,0.365,0.332,85.1
"Freeman, Freddie",518692,2025,35,627,164,20.4,9.6,0.295,0.502,0.367,0.869,0.207,0.342,90,0.275,0.479,0.37,0.357,0.351,0.203,0.435,0.416,90.9
"Perez, Salvador",521692,2025,35,641,141,19.5,4.4,0.236,0.446,0.284,0.73,0.21,0.251,100,0.279,0.543,0.311,0.365,0.323,0.265,0.364,0.437,90
"Ozuna, Marcell",542303,2025,34,592,113,24.3,15.9,0.232,0.4,0.355,0.755,0.168,0.28,68,0.249,0.464,0.334,0.362,0.371,0.214,0.374,0.422,89.9
"Semien, Marcus",543760,2025,34,534,108,17.4,9.4,0.23,0.364,0.305,0.669,0.134,0.251,62,0.252,0.409,0.295,0.325,0.329,0.157,0.309,0.351,88.3
"Springer III, George",543807,2025,35,586,154,18.9,11.8,0.309,0.56,0.399,0.959,0.251,0.34,84,0.303,0.592,0.408,0.417,0.395,0.29,0.469,0.482,90
"Trout, Mike",545361,2025,33,556,106,32,15.6,0.232,0.439,0.359,0.798,0.207,0.31,64,0.246,0.49,0.343,0.368,0.373,0.243,0.456,0.505,90.9
"Harper, Bryce",547180,2025,32,580,131,20.9,12.1,0.261,0.487,0.357,0.844,0.226,0.292,75,0.28,0.512,0.361,0.379,0.374,0.232,0.414,0.441,91.3
"Suárez, Eugenio",553993,2025,33,657,134,29.8,7,0.228,0.526,0.298,0.824,0.298,0.243,118,0.217,0.468,0.347,0.324,0.29,0.251,0.464,0.427,90.2
"Walker, Christian",572233,2025,34,640,139,27.7,6.3,0.238,0.421,0.297,0.718,0.183,0.291,88,0.243,0.444,0.31,0.322,0.303,0.201,0.397,0.415,90.9
"Yastrzemski, Mike",573262,2025,34,558,111,19.4,12.9,0.233,0.403,0.333,0.736,0.17,0.263,46,0.246,0.429,0.321,0.336,0.345,0.183,0.344,0.367,90.8
"Contreras, Willson",575929,2025,33,563,126,25.2,7.8,0.257,0.447,0.344,0.791,0.19,0.319,80,0.268,0.506,0.344,0.369,0.354,0.238,0.416,0.456,90.6
"Castellanos, Nick",592206,2025,33,589,137,22.6,5.4,0.25,0.4,0.294,0.694,0.15,0.298,72,0.251,0.419,0.3,0.31,0.298,0.167,0.362,0.376,87.8
"Judge, Aaron",592450,2025,33,679,179,23.6,18.3,0.331,0.688,0.457,1.145,0.357,0.376,114,0.315,0.735,0.463,0.476,0.447,0.42,0.597,0.619,95.4
"Machado, Manny",592518,2025,32,678,169,19.3,8.1,0.275,0.46,0.335,0.795,0.185,0.307,95,0.282,0.511,0.341,0.366,0.344,0.228,0.394,0.428,92.9
"Realmuto, J.T.",592663,2025,34,550,129,23.5,6.4,0.257,0.384,0.315,0.699,0.127,0.321,52,0.261,0.422,0.307,0.323,0.321,0.161,0.367,0.391,90
"Yelich, Christian",592885,2025,33,644,151,25.9,9.9,0.264,0.452,0.343,0.795,0.188,0.323,103,0.255,0.459,0.343,0.341,0.336,0.204,0.429,0.426,90.2
"Bogaerts, Xander",593428,2025,32,552,129,17,8.7,0.263,0.391,0.328,0.719,0.128,0.299,53,0.277,0.425,0.313,0.335,0.345,0.148,0.34,0.369,89
"Polanco, Jorge",593871,2025,31,524,125,15.6,8,0.265,0.495,0.326,0.821,0.23,0.269,78,0.276,0.472,0.35,0.349,0.338,0.197,0.384,0.384,90.8
"Lindor, Francisco",596019,2025,31,732,172,17.9,8.9,0.267,0.466,0.346,0.812,0.199,0.288,86,0.269,0.469,0.35,0.355,0.35,0.199,0.386,0.392,90.5
"Story, Trevor",596115,2025,32,654,161,26.9,5,0.263,0.433,0.308,0.741,0.17,0.33,96,0.256,0.428,0.32,0.317,0.302,0.172,0.416,0.411,91.4
"Bell, Josh",605137,2025,32,533,111,16.5,10.7,0.237,0.417,0.325,0.742,0.18,0.247,63,0.27,0.497,0.324,0.37,0.357,0.227,0.339,0.404,90.4
"Betts, Mookie",605141,2025,32,663,152,10.3,9.2,0.258,0.406,0.326,0.732,0.148,0.258,82,0.276,0.435,0.318,0.338,0.344,0.159,0.315,0.34,89.1
"Hernández, Teoscar",606192,2025,32,546,126,24.5,4.8,0.247,0.454,0.284,0.738,0.207,0.283,89,0.259,0.461,0.315,0.331,0.3,0.202,0.397,0.419,90.2
"Marte, Ketel",606466,2025,31,556,136,14.9,11.5,0.283,0.517,0.376,0.893,0.234,0.29,72,0.298,0.548,0.381,0.4,0.391,0.249,0.407,0.434,90.8
"Nimmo, Brandon",607043,2025,32,652,154,21.6,7.7,0.262,0.436,0.324,0.76,0.174,0.301,92,0.262,0.434,0.329,0.331,0.326,0.172,0.386,0.388,91.9
"Turner, Trea",607208,2025,32,639,179,16.7,6.7,0.304,0.457,0.355,0.812,0.153,0.35,69,0.278,0.416,0.352,0.325,0.332,0.137,0.396,0.361,89.3
"Ramírez, José",608070,2025,32,673,168,11,9.8,0.283,0.503,0.36,0.863,0.22,0.279,85,0.294,0.46,0.359,0.351,0.371,0.166,0.376,0.367,88.9
"Swanson, Dansby",621020,2025,31,645,144,26,7.3,0.244,0.417,0.3,0.717,0.173,0.298,77,0.276,0.497,0.31,0.355,0.331,0.221,0.388,0.457,90.5
"Correa, Carlos",621043,2025,30,584,148,19.3,7.7,0.276,0.402,0.332,0.734,0.126,0.328,52,0.287,0.449,0.322,0.345,0.343,0.163,0.368,0.399,90.5
"Buxton, Byron",621439,2025,31,542,129,27.3,7.6,0.264,0.551,0.327,0.878,0.287,0.302,83,0.259,0.534,0.367,0.362,0.325,0.275,0.482,0.476,92.5
"Ward, Taylor",621493,2025,31,663,132,26.4,11.3,0.228,0.475,0.317,0.792,0.247,0.257,103,0.242,0.465,0.339,0.342,0.329,0.224,0.417,0.422,90.1
"Olson, Matt",621566,2025,31,724,170,24.3,12.6,0.272,0.484,0.366,0.85,0.212,0.333,95,0.262,0.506,0.366,0.371,0.359,0.244,0.442,0.449,93.3
"Alonso, Pete",624413,2025,30,709,170,22.8,8.6,0.272,0.524,0.347,0.871,0.252,0.305,126,0.288,0.592,0.368,0.399,0.362,0.304,0.445,0.492,93.5
"Cronenworth, Jake",630105,2025,31,515,103,20.8,13.4,0.246,0.377,0.367,0.744,0.131,0.299,59,0.232,0.36,0.333,0.324,0.357,0.128,0.35,0.336,88.5
"Bellinger, Cody",641355,2025,29,656,160,13.7,8.7,0.272,0.48,0.334,0.814,0.208,0.274,98,0.261,0.436,0.347,0.332,0.327,0.175,0.37,0.349,88.3
"Crawford, J.P.",641487,2025,30,654,151,18.7,11.3,0.265,0.37,0.352,0.722,0.105,0.318,58,0.273,0.396,0.322,0.335,0.36,0.123,0.347,0.366,87.2
"McMahon, Ryan",641857,2025,30,586,109,32.3,11.9,0.214,0.381,0.312,0.693,0.167,0.294,53,0.229,0.438,0.306,0.333,0.326,0.21,0.398,0.446,93.3
"Adames, Willy",642715,2025,29,686,133,26.1,11.7,0.225,0.421,0.318,0.739,0.196,0.263,87,0.235,0.452,0.321,0.338,0.329,0.217,0.384,0.411,88.9
"Albies, Ozzie",645277,2025,28,667,145,14.1,8.2,0.24,0.365,0.306,0.671,0.125,0.259,74,0.247,0.375,0.295,0.303,0.314,0.127,0.304,0.316,87.5
"Devers, Rafael",646240,2025,28,729,153,26.3,15.4,0.252,0.479,0.372,0.851,0.227,0.307,109,0.256,0.504,0.365,0.378,0.377,0.248,0.448,0.47,93.5
"Naylor, Josh",647304,2025,28,604,160,13.7,7.9,0.295,0.462,0.353,0.815,0.167,0.315,92,0.277,0.439,0.351,0.339,0.341,0.162,0.378,0.362,89.2
"Arraez, Luis",650333,2025,28,675,181,3.1,5,0.292,0.392,0.327,0.719,0.1,0.289,61,0.289,0.364,0.313,0.303,0.326,0.076,0.302,0.29,86.1
"Torres, Gleyber",650402,2025,28,628,136,16.1,13.5,0.256,0.387,0.358,0.745,0.131,0.284,74,0.278,0.473,0.332,0.371,0.379,0.195,0.335,0.391,90
"Díaz, Yandy",650490,2025,33,651,175,14.1,8.8,0.3,0.482,0.366,0.848,0.182,0.318,83,0.296,0.473,0.364,0.363,0.365,0.177,0.393,0.392,93
"Rengifo, Luis",650859,2025,28,541,119,19.2,6.1,0.238,0.335,0.287,0.622,0.097,0.281,43,0.265,0.382,0.275,0.305,0.313,0.117,0.309,0.349,87.1
"Chapman, Matt",656305,2025,32,535,105,23.6,13.3,0.231,0.43,0.34,0.77,0.199,0.27,61,0.254,0.439,0.336,0.351,0.361,0.185,0.382,0.406,92.2
"McKinstry, Zach",656716,2025,30,511,117,21.7,9,0.259,0.438,0.333,0.771,0.179,0.314,49,0.252,0.361,0.333,0.308,0.33,0.108,0.385,0.349,85.7
"O'Hearn, Ryan",656811,2025,31,544,133,20,10.7,0.281,0.437,0.366,0.803,0.156,0.33,63,0.278,0.441,0.349,0.35,0.365,0.162,0.394,0.395,89.4
"Schwarber, Kyle",656941,2025,32,724,145,27.2,14.9,0.24,0.563,0.365,0.928,0.323,0.253,132,0.263,0.601,0.391,0.414,0.385,0.338,0.496,0.536,94.3
"Sheets, Gavin",657757,2025,29,545,124,19.6,8.1,0.252,0.429,0.317,0.746,0.177,0.284,71,0.272,0.463,0.323,0.347,0.338,0.192,0.366,0.4,89.9
"Ohtani, Shohei",660271,2025,30,727,172,25.7,15,0.282,0.622,0.392,1.014,0.34,0.315,102,0.288,0.672,0.418,0.439,0.398,0.384,0.542,0.577,94.9
"Contreras, William",661388,2025,27,659,147,18.2,12.7,0.26,0.399,0.355,0.754,0.139,0.299,76,0.264,0.409,0.332,0.34,0.361,0.146,0.353,0.365,91.1
"Nootbaar, Lars",663457,2025,27,583,119,20.4,11,0.234,0.361,0.325,0.686,0.127,0.279,48,0.241,0.407,0.304,0.324,0.332,0.165,0.33,0.358,91.3
"Hoerner, Nico",663538,2025,28,649,178,7.6,6,0.297,0.394,0.345,0.739,0.097,0.313,61,0.298,0.398,0.324,0.327,0.347,0.1,0.323,0.325,86.7
"Larnach, Trevor",663616,2025,28,567,126,21.5,9.3,0.25,0.404,0.323,0.727,0.154,0.295,60,0.253,0.407,0.317,0.32,0.327,0.154,0.363,0.368,90.9
"Hayes, Ke'Bryan",663647,2025,28,570,124,19.5,6.3,0.235,0.306,0.29,0.596,0.071,0.289,49,0.245,0.35,0.266,0.287,0.3,0.105,0.295,0.325,89.3
"Tucker, Kyle",663656,2025,28,597,133,14.7,14.6,0.266,0.464,0.377,0.841,0.198,0.282,73,0.282,0.5,0.363,0.382,0.391,0.218,0.373,0.4,90.1
"India, Jonathan",663697,2025,28,567,116,18.7,9.5,0.233,0.346,0.323,0.669,0.113,0.279,45,0.247,0.387,0.301,0.322,0.337,0.14,0.314,0.345,87.9
"Raleigh, Cal",663728,2025,28,705,147,26.7,13.8,0.247,0.589,0.359,0.948,0.342,0.248,125,0.244,0.568,0.392,0.384,0.357,0.324,0.506,0.492,91.3
"Grisham, Trent",663757,2025,28,581,116,23.6,14.1,0.235,0.464,0.348,0.812,0.229,0.253,74,0.257,0.509,0.353,0.377,0.366,0.253,0.407,0.445,91.1
"Lowe, Nathaniel",663993,2025,29,609,123,26.1,10.2,0.228,0.381,0.307,0.688,0.153,0.285,84,0.237,0.385,0.301,0.311,0.318,0.148,0.363,0.378,89
"Happ, Ian",664023,2025,30,663,138,22.8,13.1,0.243,0.42,0.342,0.762,0.177,0.287,79,0.267,0.472,0.333,0.363,0.365,0.204,0.379,0.425,90
"Lowe, Brandon",664040,2025,30,553,130,26.9,6.9,0.256,0.477,0.307,0.784,0.221,0.297,83,0.264,0.498,0.334,0.347,0.316,0.234,0.433,0.452,91.1
"Bohm, Alec",664761,2025,28,504,133,16.3,5.8,0.287,0.409,0.331,0.74,0.122,0.324,59,0.284,0.426,0.322,0.332,0.333,0.143,0.358,0.371,90.8
"Peña, Jeremy",665161,2025,27,543,150,17.1,6.4,0.304,0.477,0.363,0.84,0.173,0.345,62,0.28,0.448,0.363,0.344,0.343,0.168,0.409,0.383,88.9
"Tatis Jr., Fernando",665487,2025,26,691,159,18.7,12.9,0.268,0.446,0.368,0.814,0.178,0.303,71,0.283,0.506,0.353,0.381,0.382,0.223,0.387,0.428,93.3
"Guerrero Jr., Vladimir",665489,2025,26,680,172,13.8,11.9,0.292,0.467,0.381,0.848,0.175,0.313,84,0.315,0.521,0.366,0.396,0.402,0.206,0.383,0.423,92
"Soto, Juan",665742,2025,26,715,152,19.2,17.8,0.263,0.525,0.396,0.921,0.262,0.27,105,0.3,0.628,0.39,0.441,0.427,0.329,0.43,0.511,93.8
"Cruz, Oneil",665833,2025,26,544,94,32,11.8,0.2,0.378,0.298,0.676,0.178,0.262,61,0.229,0.437,0.295,0.333,0.327,0.207,0.38,0.45,95.8
"Chisholm Jr., Jazz",665862,2025,27,531,112,27.9,10.9,0.242,0.481,0.332,0.813,0.239,0.282,80,0.245,0.503,0.349,0.358,0.335,0.258,0.443,0.458,89
"Lux, Gavin",666158,2025,27,503,120,22.7,11.1,0.269,0.374,0.35,0.724,0.105,0.351,53,0.248,0.34,0.322,0.302,0.331,0.092,0.371,0.34,88.3
"Adell, Jo",666176,2025,26,573,124,26.4,5.8,0.236,0.485,0.293,0.778,0.249,0.257,98,0.273,0.565,0.333,0.378,0.328,0.292,0.424,0.493,91.7
"Bichette, Bo",666182,2025,27,628,181,14.5,6.4,0.311,0.483,0.357,0.84,0.172,0.342,94,0.307,0.489,0.361,0.364,0.355,0.182,0.4,0.404,91
"García, Adolis",666969,2025,32,547,115,24.7,5.1,0.227,0.394,0.271,0.665,0.167,0.267,75,0.244,0.444,0.286,0.315,0.289,0.2,0.353,0.396,92.1
"Gurriel Jr., Lourdes",666971,2025,31,546,124,13.9,5.7,0.248,0.418,0.295,0.713,0.17,0.254,80,0.264,0.426,0.307,0.32,0.313,0.163,0.327,0.345,87.8
"Rooker Jr., Brent",667670,2025,30,699,164,22.2,9.3,0.262,0.479,0.335,0.814,0.217,0.302,89,0.274,0.508,0.349,0.364,0.346,0.234,0.415,0.438,90.7
"Arozarena, Randy",668227,2025,30,709,146,26.9,9,0.238,0.426,0.334,0.76,0.188,0.297,76,0.238,0.43,0.332,0.336,0.335,0.192,0.404,0.411,91.3
"Steer, Spencer",668715,2025,27,568,121,22.7,9,0.238,0.411,0.312,0.723,0.173,0.277,75,0.226,0.373,0.316,0.3,0.304,0.148,0.367,0.345,87.3
"Reynolds, Bryan",668804,2025,30,654,144,26.5,8.7,0.245,0.402,0.318,0.72,0.157,0.319,73,0.271,0.466,0.315,0.349,0.342,0.196,0.388,0.442,91.2
"Turang, Brice",668930,2025,25,659,168,22.8,10,0.288,0.435,0.359,0.794,0.147,0.356,81,0.268,0.441,0.346,0.342,0.344,0.173,0.412,0.406,91.1
"Langeliers, Shea",669127,2025,27,523,133,19.7,6.9,0.277,0.536,0.325,0.861,0.259,0.29,72,0.263,0.476,0.364,0.338,0.314,0.213,0.431,0.396,90.8
"Edwards, Xavier",669364,2025,25,619,159,14.2,7.9,0.283,0.353,0.343,0.696,0.07,0.33,43,0.265,0.334,0.308,0.296,0.328,0.069,0.325,0.309,86.8
"Smith, Josh",669701,2025,27,563,124,17.8,9.8,0.251,0.366,0.335,0.701,0.115,0.295,35,0.257,0.38,0.311,0.319,0.34,0.124,0.33,0.342,87.2
"Friedl Jr., TJ",670770,2025,29,685,151,16.8,11.8,0.261,0.378,0.364,0.742,0.117,0.301,53,0.237,0.328,0.333,0.307,0.345,0.091,0.339,0.302,87.1
"Ramos, Heliot",671218,2025,25,695,159,22.7,7.5,0.256,0.4,0.328,0.728,0.144,0.309,69,0.254,0.43,0.319,0.329,0.328,0.176,0.372,0.388,91.8
"García, Luis",671277,2025,25,526,123,16,5.1,0.252,0.412,0.289,0.701,0.16,0.27,66,0.291,0.481,0.3,0.348,0.329,0.189,0.334,0.396,90.2
"Butler, Lawrence",671732,2025,24,630,133,28.4,9.4,0.234,0.404,0.306,0.71,0.17,0.304,63,0.237,0.404,0.31,0.312,0.309,0.167,0.395,0.397,90.5
"Harris II, Michael",671739,2025,24,641,152,20,2.5,0.249,0.409,0.268,0.677,0.16,0.281,86,0.277,0.45,0.289,0.323,0.299,0.173,0.349,0.394,90.2
"Kirk, Alejandro",672386,2025,26,506,127,11.7,9.5,0.282,0.421,0.348,0.769,0.139,0.292,76,0.29,0.491,0.334,0.368,0.359,0.201,0.342,0.385,91.1
"Garcia, Maikel",672580,2025,25,666,170,12.6,9.3,0.286,0.449,0.351,0.8,0.163,0.308,74,0.287,0.437,0.347,0.345,0.353,0.15,0.361,0.358,91.3
"Lopez, Otto",672640,2025,26,594,134,13.8,7.4,0.246,0.368,0.305,0.673,0.122,0.264,77,0.279,0.447,0.295,0.339,0.336,0.168,0.308,0.364,88.5
"Perdomo, Geraldo",672695,2025,25,720,173,11.5,13.1,0.29,0.462,0.389,0.851,0.172,0.303,100,0.285,0.432,0.37,0.361,0.387,0.147,0.365,0.353,87.6
"Sosa, Lenyn",672820,2025,25,544,137,23.3,3.3,0.264,0.434,0.293,0.727,0.17,0.309,75,0.275,0.484,0.313,0.338,0.304,0.209,0.392,0.427,90.7
"Diaz, Yainer",673237,2025,26,567,139,16.8,3.5,0.256,0.417,0.284,0.701,0.161,0.277,70,0.279,0.488,0.3,0.34,0.307,0.21,0.346,0.396,89.9
"Suzuki, Seiya",673548,2025,30,651,140,25.2,10.9,0.245,0.478,0.326,0.804,0.233,0.282,103,0.262,0.511,0.343,0.365,0.343,0.25,0.419,0.453,91.3
"Jung, Josh",673962,2025,27,511,121,25.2,5.3,0.251,0.39,0.294,0.684,0.139,0.316,61,0.254,0.423,0.298,0.311,0.297,0.169,0.374,0.394,89.3
"Clement, Ernie",676391,2025,29,588,151,10.4,4.6,0.277,0.398,0.313,0.711,0.121,0.296,50,0.268,0.368,0.308,0.296,0.306,0.1,0.323,0.308,86.6
"Burleson, Alec",676475,2025,26,546,144,14.5,7.1,0.29,0.459,0.343,0.802,0.169,0.312,69,0.28,0.478,0.346,0.352,0.336,0.198,0.376,0.385,91
"Wagaman, Eric",676572,2025,27,514,119,19.5,6.2,0.25,0.378,0.296,0.674,0.128,0.296,53,0.271,0.437,0.293,0.326,0.317,0.166,0.336,0.38,91
"Rodríguez, Julio",677594,2025,24,710,174,21.4,6.2,0.267,0.474,0.324,0.798,0.207,0.302,95,0.284,0.495,0.341,0.357,0.34,0.211,0.408,0.43,91.8
"Witt Jr., Bobby",677951,2025,25,687,184,18.2,7.1,0.295,0.501,0.351,0.852,0.206,0.334,88,0.299,0.521,0.36,0.377,0.36,0.222,0.417,0.44,93.3
"Vargas, Miguel",678246,2025,25,569,118,17.6,9.8,0.234,0.401,0.316,0.717,0.167,0.261,60,0.248,0.418,0.314,0.327,0.329,0.17,0.334,0.352,89.7
"Rafaela, Ceddanne",678882,2025,24,587,136,19.9,4.8,0.249,0.414,0.295,0.709,0.165,0.289,63,0.252,0.426,0.307,0.313,0.298,0.174,0.357,0.366,88.3
"Torkelson, Spencer",679529,2025,25,649,135,26,11.1,0.24,0.456,0.333,0.789,0.216,0.283,78,0.237,0.476,0.339,0.346,0.332,0.239,0.415,0.426,90.2
"McLain, Matt",680574,2025,25,577,112,28.9,9.5,0.22,0.343,0.3,0.643,0.123,0.292,50,0.218,0.363,0.286,0.294,0.299,0.145,0.354,0.367,88.8
"Kwan, Steven",680757,2025,27,693,170,8.7,7.9,0.272,0.374,0.33,0.704,0.102,0.283,56,0.279,0.371,0.31,0.313,0.339,0.093,0.304,0.308,86.2
"Duran, Jarren",680776,2025,28,696,159,24.3,8.6,0.256,0.442,0.332,0.774,0.186,0.326,84,0.258,0.42,0.335,0.333,0.336,0.163,0.403,0.4,91.8
"Donovan, Brendan",680977,2025,28,515,132,13,8.2,0.287,0.422,0.353,0.775,0.135,0.315,50,0.292,0.462,0.337,0.356,0.359,0.17,0.352,0.377,89.7
"Stott, Bryson",681082,2025,27,560,128,16.3,9.6,0.257,0.391,0.328,0.719,0.134,0.288,66,0.252,0.4,0.315,0.318,0.325,0.148,0.335,0.339,87.6
"Pages, Andy",681624,2025,24,624,158,21.6,4.6,0.272,0.461,0.313,0.774,0.189,0.308,86,0.266,0.443,0.332,0.325,0.309,0.177,0.401,0.392,88.6
"Ramírez, Agustín",682663,2025,23,585,124,19.3,6.2,0.231,0.413,0.287,0.7,0.182,0.253,67,0.27,0.466,0.302,0.34,0.325,0.197,0.342,0.395,90.8
"De La Cruz, Elly",682829,2025,23,699,166,25.9,9.6,0.264,0.44,0.336,0.776,0.176,0.337,86,0.26,0.436,0.333,0.33,0.333,0.177,0.419,0.415,91
"Abrams, CJ",682928,2025,24,635,149,19.7,5.8,0.257,0.433,0.315,0.748,0.176,0.296,60,0.256,0.415,0.324,0.318,0.315,0.159,0.371,0.363,88.7
"Greene, Riley",682985,2025,24,655,155,30.7,7,0.258,0.493,0.313,0.806,0.235,0.323,111,0.25,0.516,0.343,0.347,0.306,0.266,0.472,0.478,89.9
"Carroll, Corbin",682998,2025,24,642,146,23.8,10.4,0.259,0.541,0.343,0.884,0.282,0.299,84,0.274,0.545,0.371,0.383,0.357,0.272,0.454,0.471,92.1
"Henderson, Gunnar",683002,2025,24,651,158,21,9.5,0.274,0.438,0.349,0.787,0.164,0.329,68,0.285,0.433,0.339,0.348,0.362,0.149,0.394,0.406,92.1
"Volpe, Anthony",683011,2025,24,596,114,25.2,7.2,0.212,0.391,0.272,0.663,0.179,0.252,72,0.233,0.417,0.286,0.31,0.294,0.183,0.346,0.381,89.3
"Busch, Michael",683737,2025,27,592,137,23.5,9.5,0.261,0.523,0.343,0.866,0.262,0.292,90,0.275,0.569,0.369,0.392,0.356,0.295,0.447,0.483,92.2
"Frelick, Sal",686217,2025,25,594,152,13.5,7.9,0.288,0.405,0.351,0.756,0.117,0.317,63,0.263,0.351,0.332,0.306,0.332,0.087,0.348,0.314,85.5
"Pasquantino, Vinnie",686469,2025,27,682,164,15.7,7.2,0.264,0.475,0.323,0.798,0.211,0.271,113,0.271,0.479,0.34,0.345,0.33,0.208,0.375,0.382,90.9
"Doyle, Brenton",686668,2025,27,538,117,25.7,5.6,0.233,0.376,0.274,0.65,0.143,0.289,57,0.249,0.422,0.282,0.307,0.29,0.174,0.355,0.391,89.9
"Lee, Brooks",686797,2025,24,527,115,17.5,5.9,0.236,0.37,0.285,0.655,0.134,0.258,64,0.24,0.379,0.286,0.294,0.291,0.139,0.316,0.326,88.6
"Neto, Zach",687263,2025,24,554,129,26.9,6,0.257,0.474,0.319,0.793,0.217,0.312,62,0.261,0.51,0.337,0.355,0.325,0.249,0.436,0.463,91
"Ortiz, Joey",687401,2025,26,506,108,14.6,5.3,0.23,0.317,0.276,0.593,0.087,0.26,45,0.25,0.332,0.263,0.278,0.295,0.082,0.28,0.299,84.9
"Beck, Jordan",687597,2025,24,588,139,29.6,7.3,0.258,0.416,0.317,0.733,0.158,0.351,53,0.24,0.405,0.319,0.309,0.302,0.164,0.422,0.406,87.4
"Soderstrom, Tyler",691016,2025,23,624,155,22.6,8.8,0.276,0.474,0.346,0.82,0.198,0.327,93,0.272,0.471,0.354,0.352,0.343,0.199,0.424,0.422,91.6
"Winn, Masyn",691026,2025,23,537,124,19,6.3,0.253,0.363,0.31,0.673,0.11,0.301,51,0.245,0.352,0.297,0.29,0.303,0.108,0.332,0.322,88.3
"Caminero, Junior",691406,2025,21,653,159,19.1,6.3,0.264,0.535,0.311,0.846,0.271,0.26,110,0.269,0.52,0.357,0.359,0.32,0.251,0.419,0.422,92.4
"Crow-Armstrong, Pete",691718,2025,23,647,146,24,4.5,0.247,0.481,0.287,0.768,0.234,0.276,95,0.255,0.496,0.323,0.334,0.296,0.242,0.404,0.421,89.5
"Chourio, Jackson",694192,2025,21,589,148,20.5,5.1,0.27,0.463,0.308,0.771,0.193,0.308,78,0.26,0.442,0.328,0.319,0.3,0.182,0.393,0.38,89.3
"Schanuel, Nolan",694384,2025,23,564,129,12.6,10.5,0.264,0.389,0.353,0.742,0.125,0.286,53,0.269,0.398,0.327,0.333,0.358,0.129,0.325,0.333,87.5
"Langford, Wyatt",694671,2025,23,573,118,26.4,12.9,0.241,0.431,0.344,0.775,0.19,0.299,62,0.247,0.456,0.337,0.353,0.352,0.209,0.407,0.432,91.4
"Wood, James",695578,2025,22,689,153,32.1,12.3,0.256,0.475,0.35,0.825,0.219,0.35,94,0.269,0.504,0.353,0.368,0.362,0.235,0.486,0.516,94.3
"Goodman, Hunter",696100,2025,25,579,150,26.3,5.7,0.278,0.52,0.323,0.843,0.242,0.331,91,0.254,0.476,0.359,0.332,0.301,0.222,0.467,0.428,90.8
"Rice, Ben",700250,2025,26,530,119,18.9,9.4,0.255,0.499,0.337,0.836,0.244,0.271,65,0.299,0.581,0.358,0.41,0.379,0.282,0.402,0.476,93.3
"Manzardo, Kyle",700932,2025,24,531,110,25.4,9,0.234,0.455,0.313,0.768,0.221,0.265,70,0.231,0.458,0.329,0.331,0.311,0.227,0.402,0.404,90.3
"Durbin, Caleb",702332,2025,25,506,114,9.9,5.9,0.256,0.387,0.334,0.721,0.131,0.265,53,0.26,0.369,0.319,0.316,0.338,0.109,0.307,0.302,85.2
"Holliday, Jackson",702616,2025,21,649,142,21.6,8.6,0.242,0.375,0.314,0.689,0.133,0.291,55,0.251,0.416,0.304,0.322,0.323,0.164,0.346,0.372,88.8
"Meidroth, Chase",805367,2025,23,505,114,14.3,8.9,0.253,0.32,0.329,0.649,0.067,0.291,23,0.256,0.333,0.294,0.3,0.332,0.077,0.295,0.304,88.2
"Wilson Jr., Jacob",805779,2025,23,523,151,7.5,5.2,0.311,0.444,0.355,0.799,0.133,0.317,63,0.281,0.367,0.348,0.307,0.328,0.086,0.352,0.305,84.6
"Lee, Jung Hoo",808982,2025,26,617,149,11.5,7.6,0.266,0.407,0.327,0.734,0.141,0.291,55,0.283,0.391,0.32,0.325,0.345,0.108,0.326,0.332,87.1
